질문 번호,구분,질문,정답 실습 단계,예측 실습 단계,G4 적용 단계,분류 점수,분류 margin,G4 적용,정답 텍스트,G3 텍스트 정답 순위,G4-oracle 텍스트 정답 순위,G4 텍스트 정답 순위,G4 텍스트 평가,G4 텍스트 평가 근거,정답 이미지,G3 이미지 정답 순위,G4-oracle 이미지 정답 순위,G4 이미지 정답 순위,G4 이미지 평가,G4 검색 이미지 Top-10
Q01,기존,로봇 케이블을 임의로 개조하거나 연장할 경우 발생할 수 있는 가장 큰 위험 두 가지는 무엇입니까?,안전/전원/케이블,설치/케이블 노이즈 대책,,0.5419,0.0279,X,화재가 발생하거나 컨트롤러가 고장 날 수 있음,2,2,2,O,"keyword:발생,컨트롤러,고장",page_403_img_0_0.jpeg,,6,,X,"1. page_104_img_0_0.jpeg | score=0.716 | stage=0.000 | 
2. page_116_img_0_0.jpeg | score=0.658 | stage=0.000 | 
3. page_84_img_0_0.jpeg | score=0.635 | stage=0.000 | 
4. page_83_img_0_0.jpeg | score=0.553 | stage=0.000 | 
5. page_174_img_1_0.jpeg | score=0.543 | stage=0.000 | 
6. page_114_img_0_0.jpeg | score=0.531 | stage=0.000 | 
7. page_118_img_0_0.jpeg | score=0.484 | stage=0.000 | 
8. page_115_img_0_0.jpeg | score=0.471 | stage=0.000 | 
9. page_103_img_0_0.jpeg | score=0.466 | stage=0.000 | 
10. page_98_img_2_0.jpeg | score=0.466 | stage=0.000 | "
Q02,기존,제어기의 전원 공급을 위해 시스템에서 반드시 갖추어야 하는 최소 요구 조건(안전 장치)은 무엇입니까?,안전/전원/접지,안전/전원/접지,안전/전원/접지,0.5485,0.0501,O,접지와 누전차단기,1,1,1,O,"keyword:접지와,접지,누전차단기",page_403_img_0_0.jpeg,,5,5,O,"1. page_86_img_0_0.jpeg | score=1.264 | stage=0.580 | page=1.00
2. page_125_img_0_0.jpeg | score=1.127 | stage=0.580 | page=1.00
3. page_88_img_1_0.jpeg | score=1.112 | stage=0.580 | page=1.00
4. page_88_img_0_0.jpeg | score=1.098 | stage=0.580 | page=1.00
5. page_403_img_0_0.jpeg | score=0.990 | stage=0.630 | page=1.00; section=cs-12p
6. page_120_img_0_0.jpeg | score=0.970 | stage=0.580 | page=1.00
7. page_121_img_0_0.jpeg | score=0.968 | stage=0.580 | page=1.00
8. page_402_img_0_0.jpeg | score=0.931 | stage=0.630 | page=1.00; section=cs-12p
9. page_402_img_1_0.jpeg | score=0.928 | stage=0.630 | page=1.00; section=cs-12p
10. page_147_img_0_0.jpeg | score=0.891 | stage=0.341 | keyword=controller,safety"
Q03,기존,로봇 베이스를 바닥에 고정할 때 사용하는 볼트의 권장 규격과 체결 토크는 얼마입니까?,설치/기구 고정,설치/기구 고정,설치/기구 고정,0.6297,0.0768,O,M8 육각 렌치 볼트 / 20Nm 토크 권장,1,1,1,O,"keyword:m8,볼트,20nm,토크; semantic_rank:4",page_115_img_0_0.jpeg,1,1,1,O,"1. page_115_img_0_0.jpeg | score=1.347 | stage=0.647 | page=1.00; keyword=m8,20nm
2. page_84_img_0_0.jpeg | score=1.281 | stage=0.580 | page=1.00
3. page_123_img_0_0.jpeg | score=1.270 | stage=0.580 | page=1.00
4. page_116_img_0_0.jpeg | score=1.221 | stage=0.580 | page=1.00
5. page_88_img_0_0.jpeg | score=1.153 | stage=0.580 | page=1.00
6. page_88_img_1_0.jpeg | score=1.150 | stage=0.580 | page=1.00
7. page_114_img_0_0.jpeg | score=1.133 | stage=0.580 | page=1.00
8. page_118_img_0_0.jpeg | score=1.036 | stage=0.580 | page=1.00
9. page_86_img_0_0.jpeg | score=1.033 | stage=0.580 | page=1.00
10. page_85_img_0_0.jpeg | score=1.033 | stage=0.614 | page=1.00; keyword=m8"
Q04,기존,외부 비상 정지 스위치를 연결하기 위한 안전용 접점 입력 단자블록의 명칭과 단자는 무엇입니까?,안전 I/O/비상정지 배선,안전 I/O/비상정지 배선,안전 I/O/비상정지 배선,0.5708,0.0351,O,TBSFT 단자블록의 EM 단자,1,1,1,O,"keyword:tbsft,단자블록,em,단자; semantic_rank:1",page_145_img_0_0.jpeg,2,1,1,O,"1. page_145_img_0_0.jpeg | score=1.315 | stage=0.722 | page=1.00; keyword=safety i,o; section=safety i,o
2. page_147_img_0_0.jpeg | score=1.310 | stage=0.651 | page=1.00; keyword=o; section=o
3. page_142_img_0_0.jpeg | score=1.262 | stage=0.651 | page=1.00; keyword=o; section=o
4. page_142_img_1_0.jpeg | score=1.232 | stage=0.651 | page=1.00; keyword=o; section=o
5. page_144_img_0_0.jpeg | score=1.131 | stage=0.651 | page=1.00; keyword=o; section=o
6. page_144_img_1_0.jpeg | score=1.114 | stage=0.651 | page=1.00; keyword=o; section=o
7. page_143_img_0_0.jpeg | score=1.020 | stage=0.651 | page=1.00; keyword=o; section=o
8. page_143_img_1_0.jpeg | score=1.016 | stage=0.651 | page=1.00; keyword=o; section=o
9. page_141_img_1_0.jpeg | score=0.996 | stage=0.651 | page=1.00; keyword=o; section=o
10. page_148_img_0_0.jpeg | score=0.965 | stage=0.651 | page=1.00; keyword=o; section=o"
Q05,기존,엔드 이펙터(End-effector)를 제어하기 위한 툴 플랜지 커넥터의 전원 출력 핀 번호는 몇 번입니까?,툴 플랜지/I/O 배선,툴 플랜지/I/O 배선,,0.5719,0.0213,X,핀 5번(Power) 및 핀 8번(GND),1,1,1,O,semantic_rank:7,page_128_img_0_0.jpeg,,5,,X,"1. page_127_img_0_0.jpeg | score=0.855 | stage=0.000 | 
2. page_94_img_0_0.jpeg | score=0.833 | stage=0.000 | 
3. page_95_img_0_0.jpeg | score=0.764 | stage=0.000 | 
4. page_130_img_0_0.jpeg | score=0.752 | stage=0.000 | 
5. page_137_img_0_0.jpeg | score=0.733 | stage=0.000 | 
6. page_93_img_0_0.jpeg | score=0.728 | stage=0.000 | 
7. page_123_img_0_0.jpeg | score=0.691 | stage=0.000 | 
8. page_136_img_0_0.png | score=0.685 | stage=0.000 | 
9. page_136_img_1_0.jpeg | score=0.669 | stage=0.000 | 
10. page_104_img_0_0.jpeg | score=0.668 | stage=0.000 | "
Q06,기존,비상 상황 발생 시 즉각적인 조치를 위해 티치 펜던트에 위치한 비상 정지 버튼의 위치는 어디입니까?,티치 펜던트/비상정지,티치 펜던트/비상정지,티치 펜던트/비상정지,0.6561,0.0540,O,티치 펜던트 상단 우측,1,1,1,O,"keyword:티치,펜던트",page_103_img_0_0.jpeg,,6,6,△,"1. page_89_img_1_0.jpeg | score=1.279 | stage=0.580 | page=1.00
2. page_89_img_0_0.jpeg | score=1.220 | stage=0.580 | page=1.00
3. page_88_img_1_0.jpeg | score=1.131 | stage=0.580 | page=1.00
4. page_88_img_0_0.jpeg | score=1.112 | stage=0.580 | page=1.00
5. page_104_img_0_0.jpeg | score=1.078 | stage=0.580 | page=1.00
6. page_103_img_0_0.jpeg | score=1.028 | stage=0.580 | page=1.00
7. page_24_img_0_0.jpeg | score=0.965 | stage=0.350 | keyword=emergency stop
8. page_163_img_0_0.jpeg | score=0.876 | stage=0.328 | 
9. page_94_img_0_0.jpeg | score=0.851 | stage=0.324 | 
10. page_163_img_1_0.jpeg | score=0.828 | stage=0.332 | "
Q07,기존,협동로봇의 직접 교시(Direct Teaching)를 활성화하기 위해 조작기 툴 플랜지에서 눌러야 하는 버튼은 무엇입니까?,직접교시/Cockpit,직접교시/Cockpit,직접교시/Cockpit,0.6446,0.1629,O,Cockpit 버튼,1,1,1,O,"page; keyword:cockpit,버튼; semantic_rank:3",page_195_img_0_0.jpeg,10,2,2,O,"1. page_195_img_2_0.jpeg | score=1.176 | stage=0.580 | page=1.00
2. page_195_img_0_0.jpeg | score=0.995 | stage=0.580 | page=1.00
3. page_323_img_0_0.jpeg | score=0.904 | stage=0.229 | 
4. page_325_img_0_0.jpeg | score=0.870 | stage=0.229 | 
5. page_323_img_1_0.jpeg | score=0.865 | stage=0.297 | 
6. page_123_img_0_0.jpeg | score=0.845 | stage=0.324 | 
7. page_324_img_0_0.jpeg | score=0.824 | stage=0.229 | 
8. page_88_img_1_0.jpeg | score=0.791 | stage=0.337 | 
9. page_88_img_0_0.jpeg | score=0.777 | stage=0.328 | 
10. page_93_img_0_0.jpeg | score=0.750 | stage=0.319 | "
Q08,기존,제어기의 디지털 입력(Digital Input) 단자에 NPN 타입 센서를 연결할 때 배선은 어떻게 해야 합니까?,제어기 I/O 배선,제어기 I/O 배선,제어기 I/O 배선,0.5917,0.0569,O,24V/12V(VCC)에 PULL-UP 연결,2,1,1,O,"keyword:24v,vcc,연결",page_138_img_0_0.jpeg,4,4,4,O,"1. page_137_img_0_0.jpeg | score=1.313 | stage=0.664 | page=1.00; keyword=o; section=o
2. page_139_img_0_0.jpeg | score=1.304 | stage=0.664 | page=1.00; keyword=o; section=o
3. page_142_img_0_0.jpeg | score=1.292 | stage=0.698 | page=1.00; keyword=o,tbco; section=o
4. page_138_img_0_0.jpeg | score=1.275 | stage=0.664 | page=1.00; keyword=o; section=o
5. page_142_img_1_0.jpeg | score=1.264 | stage=0.698 | page=1.00; keyword=o,tbco; section=o
6. page_144_img_0_0.jpeg | score=1.218 | stage=0.799 | page=1.00; keyword=o,vcc,vio,gnd; section=o
7. page_144_img_1_0.jpeg | score=1.198 | stage=0.799 | page=1.00; keyword=o,vcc,vio,gnd; section=o
8. page_133_img_0_0.jpeg | score=1.125 | stage=0.664 | page=1.00; keyword=o; section=o
9. page_145_img_0_0.jpeg | score=1.109 | stage=0.664 | page=1.00; keyword=o; section=o
10. page_147_img_0_0.jpeg | score=1.075 | stage=0.664 | page=1.00; keyword=o; section=o"
Q09,기존,안전 I/O(Safety I/O) 포트를 사용하여 펜스나 라이트 커튼을 연결할 때 사용하는 입력 핀 번호는 무엇입니까?,안전 I/O/보호정지 배선,안전 I/O/테스트 펄스,,0.6174,0.0134,X,TBSFT의 PR단자 (보호 정지),1,1,1,O,"keyword:tbsft,보호,정지",page_145_img_0_0.jpeg,2,2,2,O,"1. page_147_img_0_0.jpeg | score=0.896 | stage=0.000 | 
2. page_145_img_0_0.jpeg | score=0.849 | stage=0.000 | 
3. page_133_img_0_0.jpeg | score=0.818 | stage=0.000 | 
4. page_142_img_0_0.jpeg | score=0.801 | stage=0.000 | 
5. page_142_img_1_0.jpeg | score=0.777 | stage=0.000 | 
6. page_144_img_0_0.jpeg | score=0.772 | stage=0.000 | 
7. page_144_img_1_0.jpeg | score=0.758 | stage=0.000 | 
8. page_241_img_0_0.jpeg | score=0.719 | stage=0.000 | 
9. page_242_img_0_0.jpeg | score=0.715 | stage=0.000 | 
10. page_139_img_0_0.jpeg | score=0.707 | stage=0.000 | "
Q10,기존,티치 펜던트 화면에서 로봇의 현재 각 관절 각도를 수치로 확인하는 메뉴 경로는 무엇입니까?,티치 펜던트/상태 확인,티치 펜던트/상태 확인,티치 펜던트/상태 확인,0.5944,0.0784,O,Status 모듈 내 I/O Overview,8,8,8,△,keyword:모듈,page_332_img_0_0.jpeg,,,,X,"1. page_195_img_2_0.jpeg | score=0.936 | stage=0.306 | keyword=i; section=i
2. page_104_img_0_0.jpeg | score=0.883 | stage=0.244 | keyword=i; section=i
3. page_386_img_1_0.jpeg | score=0.868 | stage=0.254 | keyword=i; section=i
4. page_384_img_0_0.jpeg | score=0.852 | stage=0.239 | keyword=i; section=i
5. page_192_img_0_0.jpeg | score=0.813 | stage=0.084 | keyword=i; section=i
6. page_96_img_0_0.jpeg | score=0.806 | stage=0.293 | keyword=i; section=i
7. page_376_img_0_0.jpeg | score=0.792 | stage=0.238 | keyword=i; section=i
8. page_196_img_0_0.jpeg | score=0.717 | stage=0.084 | keyword=i; section=i
9. page_98_img_0_0.jpeg | score=0.703 | stage=0.237 | keyword=i; section=i
10. page_98_img_1_0.jpeg | score=0.666 | stage=0.237 | keyword=i; section=i"
Q11,기존,로봇을 천장(Ceiling)에 거꾸로 설치할 때 소프트웨어 설정 메뉴에서 입력해야 하는 마운팅 각도는 어떻게 설정합니까?,설치/마운팅 설정,설치/마운팅 설정,설치/마운팅 설정,0.6719,0.0894,O,Y축 회전과 Z축 회전으로 각도 설정,1,1,1,O,"keyword:회전과,회전,회전으로,각도; semantic_rank:12",page_188_img_0_0.jpeg,,,,X,"1. page_192_img_0_0.jpeg | score=1.333 | stage=0.722 | page=1.00; keyword=robot settings,y; section=robot settings
2. page_195_img_2_0.jpeg | score=1.119 | stage=0.831 | page=1.00; keyword=mount,robot settings,y; section=robot settings,mount
3. page_191_img_0_0.jpeg | score=1.062 | stage=0.722 | page=1.00; keyword=robot settings,y; section=robot settings
4. page_196_img_0_0.jpeg | score=1.056 | stage=0.722 | page=1.00; keyword=robot settings,y; section=robot settings
5. page_189_img_0_0.jpeg | score=1.052 | stage=0.722 | page=1.00; keyword=robot settings,y; section=robot settings
6. page_190_img_0_0.jpeg | score=1.015 | stage=0.722 | page=1.00; keyword=robot settings,y; section=robot settings
7. page_184_img_0_0.jpeg | score=0.907 | stage=0.580 | page=1.00
8. page_378_img_2_0.jpeg | score=0.900 | stage=0.276 | keyword=y
9. page_181_img_0_0.jpeg | score=0.892 | stage=0.324 | keyword=y
10. page_378_img_0_0.jpeg | score=0.874 | stage=0.328 | keyword=y"
Q12,기존,전원이 꺼진 상태나 비상시 조작기 각 관절의 브레이크(Brake)를 수동으로 해제하는 방법은 무엇입니까?,비상/Backdrive,비상/Backdrive,비상/Backdrive,0.5422,0.0563,O,Backdrive 모듈 사용,1,1,1,O,"keyword:backdrive,모듈; semantic_rank:3",page_178_img_0_0.jpeg,1,1,1,O,"1. page_178_img_0_0.jpeg | score=1.318 | stage=0.698 | page=1.00; keyword=backdrive,recovery; section=backdrive
2. page_179_img_1_0.jpeg | score=1.297 | stage=0.698 | page=1.00; keyword=backdrive,recovery; section=backdrive
3. page_181_img_0_0.jpeg | score=0.986 | stage=0.614 | page=1.00; keyword=recovery
4. page_89_img_1_0.jpeg | score=0.899 | stage=0.341 | 
5. page_177_img_1_0.jpeg | score=0.864 | stage=0.580 | page=1.00
6. page_125_img_0_0.jpeg | score=0.859 | stage=0.328 | 
7. page_89_img_0_0.jpeg | score=0.840 | stage=0.337 | 
8. page_24_img_0_0.jpeg | score=0.725 | stage=0.289 | keyword=emergency
9. page_169_img_2_0.jpeg | score=0.712 | stage=0.698 | page=1.00; keyword=backdrive,recovery; section=backdrive
10. page_174_img_1_0.jpeg | score=0.701 | stage=0.580 | page=1.00"
Q13,기존,티치 펜던트의 전원을 강제로 종료하는 물리적 버튼 조작법은 무엇입니까?,티치 펜던트/전원 조작,티치 펜던트/전원 조작,티치 펜던트/전원 조작,0.6817,0.0619,O,전원 버튼을 4초 이상 길게 누름,1,1,1,O,"keyword:전원,버튼을,버튼,길게; semantic_rank:4",page_24_img_0_0.jpeg,5,8,8,△,"1. page_94_img_0_0.jpeg | score=1.302 | stage=0.580 | page=1.00
2. page_95_img_0_0.jpeg | score=1.235 | stage=0.580 | page=1.00
3. page_96_img_0_0.jpeg | score=1.207 | stage=0.580 | page=1.00
4. page_104_img_0_0.jpeg | score=1.092 | stage=0.580 | page=1.00
5. page_103_img_0_0.jpeg | score=1.069 | stage=0.580 | page=1.00
6. page_163_img_0_0.jpeg | score=0.994 | stage=0.350 | 
7. page_163_img_1_0.jpeg | score=0.942 | stage=0.346 | 
8. page_24_img_0_0.jpeg | score=0.904 | stage=0.332 | 
9. page_89_img_1_0.jpeg | score=0.889 | stage=0.328 | 
10. page_88_img_1_0.jpeg | score=0.844 | stage=0.315 | "
Q14,기존,로봇이 특이점(Singularity) 영역에 도달했을 때 제어를 보호하기 위해 발생하는 현상은 무엇입니까?,안전/특이점/동작 제한,안전/특이점/동작 제한,안전/특이점/동작 제한,0.5224,0.0705,O,조인트 속력/각도 제한 위반으로 에러 발생 후 정지,1,1,1,O,"keyword:조인트,각도,제한,위반,에러,발생",page_173_img_1_0.jpeg,1,1,1,O,"1. page_173_img_1_0.jpeg | score=1.359 | stage=0.689 | page=1.00; keyword=singularity; section=singularity
2. page_174_img_1_0.jpeg | score=1.302 | stage=0.580 | page=1.00
3. page_175_img_1_0.jpeg | score=0.994 | stage=0.580 | page=1.00
4. page_175_img_4_0.jpeg | score=0.991 | stage=0.580 | page=1.00
5. page_175_img_3_0.jpeg | score=0.986 | stage=0.580 | page=1.00
6. page_175_img_2_0.jpeg | score=0.981 | stage=0.580 | page=1.00
7. page_176_img_1_0.png | score=0.929 | stage=0.580 | page=1.00
8. page_176_img_3_0.jpeg | score=0.925 | stage=0.580 | page=1.00
9. page_176_img_2_0.jpeg | score=0.922 | stage=0.580 | page=1.00
10. page_176_img_0_0.png | score=0.919 | stage=0.580 | page=1.00"
Q15,기존,시스템의 과거 에러 로그를 추출하는 메뉴 경로는 어디입니까?,시스템 관리/로그,UI/시스템 정보 확인,,0.4739,0.0053,X,Logs 모듈,1,1,1,O,semantic_rank:7,page_340_img_0_0.jpeg,,3,,X,"1. page_366_img_0_0.jpeg | score=0.817 | stage=0.000 | 
2. page_342_img_0_0.jpeg | score=0.809 | stage=0.000 | 
3. page_368_img_0_0.jpeg | score=0.783 | stage=0.000 | 
4. page_182_img_0_0.jpeg | score=0.773 | stage=0.000 | 
5. page_363_img_0_0.jpeg | score=0.763 | stage=0.000 | 
6. page_369_img_0_0.jpeg | score=0.756 | stage=0.000 | 
7. page_370_img_0_0.jpeg | score=0.748 | stage=0.000 | 
8. page_364_img_1_0.jpeg | score=0.744 | stage=0.000 | 
9. page_342_img_2_0.jpeg | score=0.741 | stage=0.000 | 
10. page_169_img_2_0.jpeg | score=0.713 | stage=0.000 | "
Q16,기존,티치 펜던트 케이블을 배선할 때 케이블이 손상되지 않도록 유지해야 하는 최소 곡률반경은 얼마입니까?,설치/케이블 배선,설치/케이블 배선,설치/케이블 배선,0.6015,0.1581,O,120mm,1,1,1,O,semantic_rank:4,page_116_img_0_0.jpeg,1,1,1,O,"1. page_116_img_0_0.jpeg | score=1.262 | stage=0.580 | page=1.00
2. page_119_img_1_0.jpeg | score=1.237 | stage=0.580 | page=1.00
3. page_121_img_0_0.jpeg | score=1.160 | stage=0.580 | page=1.00
4. page_123_img_0_0.jpeg | score=1.055 | stage=0.580 | page=1.00
5. page_115_img_0_0.jpeg | score=0.997 | stage=0.580 | page=1.00
6. page_119_img_0_0.jpeg | score=0.972 | stage=0.580 | page=1.00
7. page_124_img_0_0.jpeg | score=0.895 | stage=0.580 | page=1.00
8. page_88_img_1_0.jpeg | score=0.875 | stage=0.258 | 
9. page_88_img_0_0.jpeg | score=0.872 | stage=0.276 | 
10. page_120_img_0_0.jpeg | score=0.866 | stage=0.406 | page=0.70"
Q17,기존,플랜지의 RS-485 통신 포트를 사용할 때 X1 커넥터의 핀 번호는 무엇입니까?,툴 플랜지/통신 배선,툴 플랜지/통신 배선,툴 플랜지/통신 배선,0.7315,0.0850,O,4번(RS-485+) 및 6번(RS-485-),1,1,1,O,"keyword:rs,485",page_128_img_0_0.jpeg,2,2,2,O,"1. page_127_img_0_0.jpeg | score=1.274 | stage=0.617 | page=1.00; section=o
2. page_128_img_0_0.jpeg | score=1.259 | stage=0.617 | page=1.00; section=o
3. page_130_img_0_0.jpeg | score=1.192 | stage=0.617 | page=1.00; section=o
4. page_123_img_0_0.jpeg | score=1.026 | stage=0.443 | page=0.70; section=o
5. page_132_img_0_0.png | score=0.986 | stage=0.617 | page=1.00; section=o
6. page_133_img_0_0.jpeg | score=0.972 | stage=0.617 | page=1.00; section=o
7. page_201_img_1_0.jpeg | score=0.876 | stage=0.297 | section=o
8. page_124_img_0_0.jpeg | score=0.762 | stage=0.443 | page=0.70; section=o
9. page_125_img_0_0.jpeg | score=0.758 | stage=0.443 | page=0.70; section=o
10. page_141_img_1_0.jpeg | score=0.745 | stage=0.337 | section=o"
Q18,기존,작업자의 손가락 끼임 사고를 방지하기 위해 설정할 수 있는 안전 구역의 명칭은 무엇입니까?,안전 설정/협착 방지 구역,안전 설정/협착 방지 구역,안전 설정/협착 방지 구역,0.5925,0.0969,O,협착 방지 구역 (Crushing Prevention Zone),1,1,1,O,"keyword:협착,방지,구역,crushing,prevention,zone; semantic_rank:1",page_242_img_0_0.jpeg,1,1,1,O,"1. page_242_img_0_0.jpeg | score=1.311 | stage=0.655 | page=1.00; section=safety settings
2. page_241_img_0_0.jpeg | score=1.083 | stage=0.655 | page=1.00; section=safety settings
3. page_243_img_0_0.jpeg | score=1.049 | stage=0.655 | page=1.00; section=safety settings
4. page_224_img_0_0.jpeg | score=1.014 | stage=0.655 | page=1.00; section=safety settings
5. page_243_img_1_0.jpeg | score=1.000 | stage=0.655 | page=1.00; section=safety settings
6. page_240_img_0_0.jpeg | score=0.952 | stage=0.655 | page=1.00; section=safety settings
7. page_245_img_0_0.jpeg | score=0.949 | stage=0.655 | page=1.00; section=safety settings
8. page_244_img_0_0.jpeg | score=0.937 | stage=0.655 | page=1.00; section=safety settings
9. page_225_img_0_0.jpeg | score=0.861 | stage=0.655 | page=1.00; section=safety settings
10. page_24_img_0_0.jpeg | score=0.860 | stage=0.319 | "
Q19,기존,목표 위치를 향해 끝 단이 선형으로 이동하는 수동 이동(Jog) 방식은 무엇입니까?,수동 조작/Jog,수동 조작/Jog,수동 조작/Jog,0.5756,0.1313,O,태스크 모션 (Task Motion),1,1,1,O,"keyword:태스크,모션; semantic_rank:4",page_373_img_0_0.jpeg,,8,8,△,"1. page_374_img_1_0.jpeg | score=1.313 | stage=0.698 | page=1.00; keyword=jog,manual; section=jog
2. page_375_img_0_0.jpeg | score=1.307 | stage=0.698 | page=1.00; keyword=jog,manual; section=jog
3. page_384_img_0_0.jpeg | score=1.094 | stage=0.614 | page=1.00; keyword=manual
4. page_379_img_2_0.jpeg | score=1.063 | stage=0.614 | page=1.00; keyword=manual
5. page_374_img_0_0.jpeg | score=1.044 | stage=0.614 | page=1.00; keyword=manual
6. page_379_img_1_0.jpeg | score=1.015 | stage=0.614 | page=1.00; keyword=manual
7. page_378_img_2_0.jpeg | score=0.977 | stage=0.614 | page=1.00; keyword=manual
8. page_373_img_0_0.jpeg | score=0.976 | stage=0.580 | page=1.00
9. page_376_img_0_0.jpeg | score=0.961 | stage=0.580 | page=1.00
10. page_378_img_0_0.jpeg | score=0.917 | stage=0.614 | page=1.00; keyword=manual"
Q20,기존,TCP(Tool Center Point) 설정 화면에서 Z축 방향의 오프셋(Offset)만 적용하려면 어떤 항목에 값을 입력해야 합니까?,TCP/툴 좌표 설정,TCP/툴 좌표 설정,TCP/툴 좌표 설정,0.6568,0.1814,O,Z 값에 거리 입력,2,1,1,O,semantic_rank:2,page_201_img_1_0.jpeg,2,1,1,O,"1. page_201_img_1_0.jpeg | score=1.371 | stage=0.861 | page=1.00; keyword=tool settings,tcp,tool center point,x; section=tool settings,tool center point,tcp
2. page_203_img_0_0.jpeg | score=1.319 | stage=0.752 | page=1.00; keyword=tool settings,x,y,z; section=tool settings
3. page_202_img_0_0.jpeg | score=1.284 | stage=0.752 | page=1.00; keyword=tool settings,x,y,z; section=tool settings
4. page_201_img_0_0.jpeg | score=1.283 | stage=0.861 | page=1.00; keyword=tool settings,tcp,tool center point,x; section=tool settings,tool center point,tcp
5. page_208_img_0_0.jpeg | score=1.267 | stage=0.752 | page=1.00; keyword=tool settings,x,y,z; section=tool settings
6. page_204_img_1_0.jpeg | score=1.251 | stage=0.790 | page=1.00; keyword=tool settings,tcp,x,y; section=tool settings,tcp
7. page_244_img_0_0.jpeg | score=1.180 | stage=0.473 | page=0.70; keyword=x,y
8. page_202_img_1_0.jpeg | score=1.114 | stage=0.861 | page=1.00; keyword=tool settings,tcp,tool center point,x; section=tool settings,tool center point,tcp
9. page_209_img_0_0.jpeg | score=1.070 | stage=0.752 | page=1.00; keyword=tool settings,x,y,z; section=tool settings
10. page_205_img_1_0.jpeg | score=1.041 | stage=0.719 | page=1.00; keyword=tool settings,x,y; section=tool settings"
Q21,기존,안전 영역(Zone) 설정 시 선택할 수 있는 3D 도형 모양 5가지는 무엇입니까?,안전 설정/Zone 형상,안전 설정/Zone 형상,,0.5676,0.0271,X,"구, 원기둥, 직육면체, 기울어진 다면상자",1,1,1,O,page,page_241_img_0_0.jpeg,4,4,4,O,"1. page_224_img_0_0.jpeg | score=0.858 | stage=0.000 | 
2. page_242_img_0_0.jpeg | score=0.811 | stage=0.000 | 
3. page_240_img_0_0.jpeg | score=0.803 | stage=0.000 | 
4. page_241_img_0_0.jpeg | score=0.781 | stage=0.000 | 
5. page_236_img_0_0.jpeg | score=0.709 | stage=0.000 | 
6. page_244_img_0_0.jpeg | score=0.659 | stage=0.000 | 
7. page_226_img_2_0.jpeg | score=0.658 | stage=0.000 | 
8. page_245_img_0_0.jpeg | score=0.651 | stage=0.000 | 
9. page_243_img_0_0.jpeg | score=0.643 | stage=0.000 | 
10. page_235_img_1_0.jpeg | score=0.634 | stage=0.000 | "
Q22,기존,다양한 프로그램 명령어를 조립하여 로봇 동작을 구성하는 두산로보틱스의 프로그래밍 모듈 명칭은 무엇입니까?,프로그래밍/Task Editor,프로그래밍/모션 명령,프로그래밍/모션 명령,0.5087,0.0587,O,Task Editor (태스크 에디터),10,10,10,△,"keyword:task,editor,태스크; semantic_rank:4",page_262_img_0_0.jpeg,,,,X,"1. page_278_img_1_0.jpeg | score=1.165 | stage=0.580 | page=1.00
2. page_275_img_0_0.jpeg | score=1.057 | stage=0.747 | page=1.00; keyword=movej,movel; section=movej,movel
3. page_271_img_1_0.jpeg | score=0.945 | stage=0.614 | page=1.00; keyword=radius
4. page_277_img_0_0.jpeg | score=0.927 | stage=0.580 | page=1.00
5. page_316_img_0_0.jpeg | score=0.906 | stage=0.346 | 
6. page_312_img_0_0.jpeg | score=0.831 | stage=0.341 | 
7. page_267_img_1_0.jpeg | score=0.744 | stage=0.747 | page=1.00; keyword=movej,movel; section=movej,movel
8. page_276_img_0_0.jpeg | score=0.721 | stage=0.580 | page=1.00
9. page_265_img_1_0.jpeg | score=0.702 | stage=0.580 | page=1.00
10. page_174_img_1_0.jpeg | score=0.686 | stage=0.276 | "
Q23,기존,로봇 시스템의 시간 기능을 확인하는 곳은 화면의 어디입니까?,UI/시스템 정보 확인,UI/시스템 정보 확인,UI/시스템 정보 확인,0.5290,0.0380,O,Header의 현재 시간 정보,4,4,4,O,"keyword:시간,정보",page_167_img_3_0.jpeg,,5,5,O,"1. page_168_img_0_0.jpeg | score=1.060 | stage=0.614 | page=1.00; keyword=dart-platform
2. page_165_img_0_0.jpeg | score=1.005 | stage=0.580 | page=1.00
3. page_357_img_0_0.jpeg | score=0.858 | stage=0.337 | 
4. page_167_img_2_0.jpeg | score=0.845 | stage=0.614 | page=1.00; keyword=dart-platform
5. page_167_img_3_0.jpeg | score=0.838 | stage=0.614 | page=1.00; keyword=dart-platform
6. page_96_img_0_0.jpeg | score=0.798 | stage=0.328 | 
7. page_168_img_1_0.png | score=0.797 | stage=0.614 | page=1.00; keyword=dart-platform
8. page_169_img_1_0.png | score=0.794 | stage=0.614 | page=1.00; keyword=dart-platform
9. page_173_img_1_0.jpeg | score=0.759 | stage=0.580 | page=1.00
10. page_309_img_1_0.jpeg | score=0.712 | stage=0.271 | "
Q24,기존,로봇의 이동 경로를 티칭할 때 직선으로 이동하도록 강제하는 모션 명령어는 무엇입니까?,프로그래밍/모션 명령,프로그래밍/모션 명령,프로그래밍/모션 명령,0.5321,0.0562,O,MoveL,1,2,2,O,semantic_rank:4,page_275_img_0_0.jpeg,,7,7,△,"1. page_277_img_0_0.jpeg | score=1.230 | stage=0.580 | page=1.00
2. page_276_img_0_0.jpeg | score=1.217 | stage=0.580 | page=1.00
3. page_281_img_1_0.jpeg | score=1.045 | stage=0.580 | page=1.00
4. page_278_img_1_0.jpeg | score=1.038 | stage=0.580 | page=1.00
5. page_280_img_0_0.jpeg | score=1.018 | stage=0.580 | page=1.00
6. page_279_img_0_0.jpeg | score=0.977 | stage=0.580 | page=1.00
7. page_275_img_0_0.jpeg | score=0.973 | stage=0.747 | page=1.00; keyword=movej,movel; section=movej,movel
8. page_267_img_1_0.jpeg | score=0.909 | stage=0.747 | page=1.00; keyword=movej,movel; section=movej,movel
9. page_299_img_0_0.jpeg | score=0.865 | stage=0.293 | 
10. page_195_img_2_0.jpeg | score=0.818 | stage=0.226 | "
Q25,기존,조인트 각도를 기준으로 목표 위치까지 가장 빠른 경로로 이동하는 모션 명령어는 무엇입니까?,프로그래밍/모션 명령,프로그래밍/모션 명령,,0.4831,0.0245,X,MoveJ,3,1,3,O,semantic_rank:8,page_275_img_0_0.jpeg,,3,,X,"1. page_378_img_2_0.jpeg | score=0.852 | stage=0.000 | 
2. page_378_img_0_0.jpeg | score=0.815 | stage=0.000 | 
3. page_374_img_1_0.jpeg | score=0.802 | stage=0.000 | 
4. page_384_img_0_0.jpeg | score=0.779 | stage=0.000 | 
5. page_379_img_2_0.jpeg | score=0.751 | stage=0.000 | 
6. page_375_img_0_0.jpeg | score=0.717 | stage=0.000 | 
7. page_379_img_1_0.jpeg | score=0.687 | stage=0.000 | 
8. page_267_img_1_0.jpeg | score=0.679 | stage=0.000 | 
9. page_288_img_0_0.jpeg | score=0.673 | stage=0.000 | 
10. page_386_img_1_0.jpeg | score=0.641 | stage=0.000 | "
Q26,기존,소프트웨어 업데이트 모듈을 설치할 때 사용하는 패키지 파일의 확장자는 무엇입니까?,시스템 관리/소프트웨어 업데이트,시스템 관리/소프트웨어 업데이트,시스템 관리/소프트웨어 업데이트,0.5504,0.1250,O,.dm (다운로드 받은 모듈 패키지 설치 파일),1,1,1,O,"keyword:다운로드,패키지,파일",page_167_img_2_0.jpeg,3,2,2,O,"1. page_361_img_0_0.jpeg | score=1.283 | stage=0.689 | page=1.00; keyword=robot update; section=robot update
2. page_167_img_2_0.jpeg | score=1.241 | stage=0.580 | page=1.00
3. page_360_img_0_0.jpeg | score=1.236 | stage=0.689 | page=1.00; keyword=robot update; section=robot update
4. page_366_img_0_0.jpeg | score=1.219 | stage=0.580 | page=1.00
5. page_167_img_3_0.jpeg | score=1.174 | stage=0.580 | page=1.00
6. page_364_img_1_0.jpeg | score=1.084 | stage=0.689 | page=1.00; keyword=robot update; section=robot update
7. page_363_img_0_0.jpeg | score=1.047 | stage=0.689 | page=1.00; keyword=robot update; section=robot update
8. page_166_img_1_0.jpeg | score=1.024 | stage=0.580 | page=1.00
9. page_361_img_1_0.jpeg | score=1.002 | stage=0.689 | page=1.00; keyword=robot update; section=robot update
10. page_361_img_2_0.png | score=0.985 | stage=0.689 | page=1.00; keyword=robot update; section=robot update"
Q27,기존,공장 출하 상태로 시스템을 복원하는 '공장 초기화(Factory Reset)' 진행 시 삭제되는 데이터는 무엇입니까?,시스템 관리/공장 초기화,시스템 관리/공장 초기화,시스템 관리/공장 초기화,0.6347,0.2172,O,"데이터 베이스, 로그파일, 워크셀 아이템, 태스크 파일",1,1,1,O,"keyword:데이터,워크셀,아이템,태스크,파일; semantic_rank:4",page_370_img_0_0.jpeg,1,1,1,O,"1. page_370_img_0_0.jpeg | score=1.218 | stage=0.580 | page=1.00
2. page_369_img_0_0.jpeg | score=1.185 | stage=0.580 | page=1.00
3. page_363_img_0_0.jpeg | score=1.118 | stage=0.580 | page=1.00
4. page_364_img_1_0.jpeg | score=1.102 | stage=0.580 | page=1.00
5. page_368_img_0_0.jpeg | score=1.041 | stage=0.580 | page=1.00
6. page_361_img_0_0.jpeg | score=0.991 | stage=0.580 | page=1.00
7. page_361_img_1_0.jpeg | score=0.873 | stage=0.580 | page=1.00
8. page_361_img_2_0.png | score=0.857 | stage=0.580 | page=1.00
9. page_182_img_0_0.jpeg | score=0.814 | stage=0.337 | 
10. page_360_img_0_0.jpeg | score=0.810 | stage=0.580 | page=1.00"
Q28,기존,로봇 큐브 모듈 케이블을 결합할 때 방수 등급 강화를 위해 케이블에 결합해야 하는 부품은 무엇입니까?,설치/케이블 방수,설치/케이블 방수,설치/케이블 방수,0.6070,0.0572,O,그로밋 (Grommet),2,1,1,O,page,page_405_img_0_0.jpeg,,,,X,"1. page_397_img_0_0.jpeg | score=1.240 | stage=0.580 | page=1.00
2. page_405_img_1_0.jpeg | score=1.231 | stage=0.664 | page=1.00; keyword=grommet; section=grommet
3. page_405_img_5_0.jpeg | score=1.218 | stage=0.664 | page=1.00; keyword=grommet; section=grommet
4. page_398_img_0_0.jpeg | score=1.215 | stage=0.580 | page=1.00
5. page_402_img_0_0.jpeg | score=0.980 | stage=0.580 | page=1.00
6. page_402_img_1_0.jpeg | score=0.977 | stage=0.580 | page=1.00
7. page_405_img_3_0.jpeg | score=0.975 | stage=0.664 | page=1.00; keyword=grommet; section=grommet
8. page_403_img_0_0.jpeg | score=0.975 | stage=0.580 | page=1.00
9. page_405_img_2_0.jpeg | score=0.972 | stage=0.664 | page=1.00; keyword=grommet; section=grommet
10. page_405_img_4_0.jpeg | score=0.969 | stage=0.664 | page=1.00; keyword=grommet; section=grommet"
Q29,기존,엔드 이펙터 툴의 중심 좌표계(Tool Coordinate)의 기준이 되는 z축의 방향은 플랜지 좌표계에서 어느 방향을 따라 회전합니까?,TCP/툴 좌표 설정,좌표계/오른손 법칙,,0.5598,0.0169,X,플랜지 좌표계의 z축,1,1,1,O,"keyword:플랜지,좌표계; semantic_rank:2",page_202_img_0_0.jpeg,4,4,4,O,"1. page_201_img_1_0.jpeg | score=0.891 | stage=0.000 | 
2. page_203_img_0_0.jpeg | score=0.845 | stage=0.000 | 
3. page_201_img_0_0.jpeg | score=0.817 | stage=0.000 | 
4. page_202_img_0_0.jpeg | score=0.812 | stage=0.000 | 
5. page_176_img_3_0.jpeg | score=0.782 | stage=0.000 | 
6. page_378_img_2_0.jpeg | score=0.767 | stage=0.000 | 
7. page_110_img_0_0.jpeg | score=0.753 | stage=0.000 | 
8. page_176_img_2_0.jpeg | score=0.753 | stage=0.000 | 
9. page_379_img_2_0.jpeg | score=0.753 | stage=0.000 | 
10. page_244_img_0_0.jpeg | score=0.721 | stage=0.000 | "
Q30,기존,전원 입력 시 극성이 잘못 결선되었을 때 컨트롤러 고장을 막기 위해 주의해야 할 항목은 무엇입니까?,안전/전원/극성,안전/전원/극성,안전/전원/극성,0.5951,0.0719,O,입력 전압의 극성이 반대로 연결되지 않도록 주의,1,1,1,O,semantic_rank:2,page_403_img_0_0.jpeg,,8,8,△,"1. page_397_img_0_0.jpeg | score=1.036 | stage=0.630 | page=1.00; section=cs-12p
2. page_398_img_0_0.jpeg | score=1.006 | stage=0.630 | page=1.00; section=cs-12p
3. page_121_img_0_0.jpeg | score=0.895 | stage=0.227 | 
4. page_137_img_0_0.jpeg | score=0.868 | stage=0.337 | 
5. page_86_img_0_0.jpeg | score=0.868 | stage=0.324 | 
6. page_402_img_1_0.jpeg | score=0.847 | stage=0.630 | page=1.00; section=cs-12p
7. page_402_img_0_0.jpeg | score=0.844 | stage=0.630 | page=1.00; section=cs-12p
8. page_403_img_0_0.jpeg | score=0.841 | stage=0.630 | page=1.00; section=cs-12p
9. page_138_img_0_0.jpeg | score=0.840 | stage=0.341 | 
10. page_163_img_0_0.jpeg | score=0.833 | stage=0.230 | "
Q31,기존,티치 펜던트에 위치한 USB 포트의 주된 용도는 무엇입니까?,티치 펜던트/USB 데이터 관리,티치 펜던트/USB 데이터 관리,티치 펜던트/USB 데이터 관리,0.6251,0.0946,O,로봇 로그 저장매체 백업 및 태스크 내보내기/가져오기,1,1,1,O,"page; keyword:로봇,로그,저장매체,태스크,내보내기; semantic_rank:6",page_103_img_0_0.jpeg,,3,3,O,"1. page_102_img_0_0.jpeg | score=1.251 | stage=0.580 | page=1.00
2. page_104_img_0_0.jpeg | score=1.167 | stage=0.580 | page=1.00
3. page_103_img_0_0.jpeg | score=1.090 | stage=0.580 | page=1.00
4. page_163_img_0_0.jpeg | score=0.908 | stage=0.346 | 
5. page_119_img_1_0.jpeg | score=0.903 | stage=0.293 | 
6. page_101_img_0_0.jpeg | score=0.901 | stage=0.580 | page=1.00
7. page_95_img_0_0.jpeg | score=0.896 | stage=0.341 | 
8. page_96_img_0_0.jpeg | score=0.873 | stage=0.332 | 
9. page_163_img_1_0.jpeg | score=0.858 | stage=0.350 | 
10. page_105_img_1_0.jpeg | score=0.825 | stage=0.580 | page=1.00"
Q32,기존,로봇이 프로그램 시작점으로 기본 복귀할 수 있도록 설정하는 위치의 명칭은 무엇입니까?,프로그램 실행/Home Position,프로그램 실행/Home Position,,0.5463,0.0224,X,Home Position (홈 포지션),7,7,7,△,"keyword:home,position; semantic_rank:2",page_192_img_0_0.jpeg,6,1,6,△,"1. page_181_img_0_0.jpeg | score=0.753 | stage=0.000 | 
2. page_323_img_0_0.jpeg | score=0.738 | stage=0.000 | 
3. page_84_img_0_0.jpeg | score=0.728 | stage=0.000 | 
4. page_325_img_0_0.jpeg | score=0.681 | stage=0.000 | 
5. page_323_img_1_0.jpeg | score=0.678 | stage=0.000 | 
6. page_192_img_0_0.jpeg | score=0.659 | stage=0.000 | 
7. page_324_img_0_0.jpeg | score=0.635 | stage=0.000 | 
8. page_83_img_0_0.jpeg | score=0.587 | stage=0.000 | 
9. page_196_img_0_0.jpeg | score=0.568 | stage=0.000 | 
10. page_178_img_0_0.jpeg | score=0.536 | stage=0.000 | "
Q33,기존,사용자 계정 관리에서 관리자(Supervisor) 권한으로 접근할 때 입력해야 하는 초기 비밀번호는 무엇입니까?,사용자 관리/권한,사용자 관리/권한,사용자 관리/권한,0.5687,0.1290,O,admin,1,1,1,O,keyword:admin,page_352_img_3_0.jpeg,2,2,2,O,"1. page_353_img_1_0.jpeg | score=1.368 | stage=0.685 | page=1.00; keyword=supervisor,password; section=supervisor password
2. page_352_img_3_0.jpeg | score=1.274 | stage=0.614 | page=1.00; keyword=password
3. page_353_img_0_0.png | score=1.091 | stage=0.685 | page=1.00; keyword=supervisor,password; section=supervisor password
4. page_352_img_1_0.png | score=1.011 | stage=0.580 | page=1.00
5. page_169_img_2_0.jpeg | score=0.828 | stage=0.332 | 
6. page_330_img_0_0.jpeg | score=0.764 | stage=0.236 | 
7. page_343_img_0_0.jpeg | score=0.745 | stage=0.651 | page=1.00; keyword=account; section=account
8. page_147_img_0_0.jpeg | score=0.730 | stage=0.293 | 
9. page_354_img_0_0.jpeg | score=0.682 | stage=0.580 | page=1.00
10. page_349_img_0_0.jpeg | score=0.647 | stage=0.647 | page=1.00; keyword=lock,setting"
Q34,기존,로봇을 운반이나 포장하기 위해 안전 복구 모드에서 사용할 수 있는 전용 기능의 이름은 무엇입니까?,안전 복구/패키징,안전 복구/Recovery,안전 복구/Recovery,0.5431,0.0418,O,패키징 모드,1,1,1,O,"keyword:패키징,모드; semantic_rank:5",page_184_img_0_0.jpeg,2,1,2,O,"1. page_181_img_0_0.jpeg | score=1.311 | stage=0.689 | page=1.00; keyword=recovery; section=recovery
2. page_184_img_0_0.jpeg | score=1.199 | stage=0.580 | page=1.00
3. page_178_img_0_0.jpeg | score=1.150 | stage=0.689 | page=1.00; keyword=recovery; section=recovery
4. page_182_img_0_0.jpeg | score=1.006 | stage=0.689 | page=1.00; keyword=recovery; section=recovery
5. page_179_img_1_0.jpeg | score=0.914 | stage=0.689 | page=1.00; keyword=recovery; section=recovery
6. page_48_img_0_0.jpeg | score=0.811 | stage=0.346 | 
7. page_49_img_0_0.jpeg | score=0.669 | stage=0.234 | 
8. page_186_img_0_0.jpeg | score=0.664 | stage=0.580 | page=1.00
9. page_92_img_1_0.jpeg | score=0.606 | stage=0.341 | 
10. page_242_img_0_0.jpeg | score=0.577 | stage=0.231 | "
Q35,기존,Configurable 디지털 I/O 전원을 내부 전원과 분리하기 위해 TBPWR 단자블록에서 제거해야 하는 점퍼선 결선은 무엇입니까?,제어기 I/O 배선,제어기 I/O 배선,,0.5381,0.0129,X,VCC-VIO 및 GND-GIO,1,1,1,O,"keyword:vcc,vio,gnd,gio; semantic_rank:1",page_144_img_1_0.jpeg,2,2,2,O,"1. page_144_img_0_0.jpeg | score=0.837 | stage=0.000 | 
2. page_144_img_1_0.jpeg | score=0.823 | stage=0.000 | 
3. page_139_img_0_0.jpeg | score=0.802 | stage=0.000 | 
4. page_133_img_0_0.jpeg | score=0.798 | stage=0.000 | 
5. page_141_img_1_0.jpeg | score=0.793 | stage=0.000 | 
6. page_142_img_1_0.jpeg | score=0.776 | stage=0.000 | 
7. page_145_img_0_0.jpeg | score=0.768 | stage=0.000 | 
8. page_142_img_0_0.jpeg | score=0.768 | stage=0.000 | 
9. page_136_img_1_0.jpeg | score=0.755 | stage=0.000 | 
10. page_136_img_0_0.png | score=0.750 | stage=0.000 | "
Q36,기존,공간 제한 구역을 '기울어진 직육면체(3포인트 & 높이)'로 설정할 때 3D 시뮬레이션 화면에서 지정해야 하는 3개의 점은 무엇입니까?,안전 설정/공간 제한 구역,안전 설정/공간 제한 구역,안전 설정/공간 제한 구역,0.5537,0.0528,O,"기준점, x축 위의 점, xy평면 위의 점",1,1,1,O,"keyword:기준점,위의; semantic_rank:1",page_237_img_0_0.jpeg,10,9,9,△,"1. page_236_img_0_0.jpeg | score=1.185 | stage=0.630 | page=1.00; section=safety settings
2. page_232_img_0_0.jpeg | score=1.180 | stage=0.781 | page=1.00; keyword=point 1,point 2,point; section=safety settings,point
3. page_243_img_0_0.jpeg | score=1.127 | stage=0.630 | page=1.00; section=safety settings
4. page_242_img_0_0.jpeg | score=1.109 | stage=0.630 | page=1.00; section=safety settings
5. page_230_img_1_0.jpeg | score=1.088 | stage=0.630 | page=1.00; section=safety settings
6. page_244_img_0_0.jpeg | score=1.081 | stage=0.630 | page=1.00; section=safety settings
7. page_240_img_0_0.jpeg | score=1.052 | stage=0.630 | page=1.00; section=safety settings
8. page_238_img_1_0.jpeg | score=1.040 | stage=0.698 | page=1.00; keyword=zone,safety zone; section=safety settings
9. page_237_img_0_0.jpeg | score=1.024 | stage=0.630 | page=1.00; section=safety settings
10. page_241_img_0_0.jpeg | score=1.007 | stage=0.630 | page=1.00; section=safety settings"
Q37,기존,힘 제어 모드에서 외력 센서값 오차를 초기화하기 위해 Custom Code에 입력해야 하는 DRL 명령어는 무엇입니까?,힘 제어/Custom Code,힘 제어/Custom Code,힘 제어/Custom Code,0.6182,0.1408,O,set_external_force_reset(),1,1,1,O,"page; keyword:set,external,force,reset; semantic_rank:1",page_310_img_1_0.jpeg,,6,6,△,"1. page_309_img_1_0.jpeg | score=1.260 | stage=0.580 | page=1.00
2. page_308_img_1_0.jpeg | score=1.245 | stage=0.580 | page=1.00
3. page_299_img_0_0.jpeg | score=1.175 | stage=0.580 | page=1.00
4. page_296_img_0_0.jpeg | score=1.092 | stage=0.580 | page=1.00
5. page_311_img_0_0.jpeg | score=1.017 | stage=0.580 | page=1.00
6. page_310_img_1_0.jpeg | score=1.012 | stage=0.580 | page=1.00
7. page_309_img_0_0.jpeg | score=1.008 | stage=0.580 | page=1.00
8. page_307_img_1_0.jpeg | score=0.968 | stage=0.580 | page=1.00
9. page_307_img_0_0.jpeg | score=0.956 | stage=0.580 | page=1.00
10. page_292_img_0_0.jpeg | score=0.937 | stage=0.580 | page=1.00"
Q38,기존,PROFINET 통신 구조에서 로봇 상태(Robot State) 정보를 전송하도록 할당된 Slot 번호는 몇 번입니까?,통신/PROFINET,통신/PROFINET,통신/PROFINET,0.6153,0.1345,O,Slot#1,1,1,1,O,keyword:slot,page_155_img_1_0.jpeg,2,2,2,O,"1. page_154_img_1_0.jpeg | score=1.308 | stage=0.681 | page=1.00; keyword=ethernet,ip,adapter
2. page_155_img_1_0.jpeg | score=1.300 | stage=0.681 | page=1.00; keyword=ethernet,ip,adapter
3. page_168_img_0_0.jpeg | score=0.799 | stage=0.284 | 
4. page_357_img_0_0.jpeg | score=0.761 | stage=0.233 | 
5. page_299_img_0_0.jpeg | score=0.716 | stage=0.234 | 
6. page_139_img_0_0.jpeg | score=0.715 | stage=0.350 | 
7. page_292_img_0_0.jpeg | score=0.639 | stage=0.231 | 
8. page_386_img_1_0.jpeg | score=0.625 | stage=0.297 | 
9. page_298_img_2_0.jpeg | score=0.623 | stage=0.232 | 
10. page_220_img_0_0.jpeg | score=0.593 | stage=0.293 | "
Q39,추가,제품을 처음 개봉할 때 로봇과 컨트롤러는 몇 개의 상자에 나누어 배송됩니까?,설치/제품 개봉,설치/제품 개봉,설치/제품 개봉,0.5153,0.1004,O,로봇 및 컨트롤러는 2개의 상자에 담겨 배송됨,1,1,1,O,"page; keyword:로봇,컨트롤러,상자에,상자,담겨; semantic_rank:1",page_83_img_0_0.jpeg,1,1,1,O,"1. page_83_img_0_0.jpeg | score=1.328 | stage=0.580 | page=1.00
2. page_84_img_0_0.jpeg | score=1.153 | stage=0.580 | page=1.00
3. page_104_img_0_0.jpeg | score=1.077 | stage=0.580 | page=1.00
4. page_85_img_0_0.jpeg | score=0.944 | stage=0.580 | page=1.00
5. page_98_img_0_0.jpeg | score=0.934 | stage=0.580 | page=1.00
6. page_96_img_0_0.jpeg | score=0.915 | stage=0.580 | page=1.00
7. page_86_img_0_0.jpeg | score=0.872 | stage=0.580 | page=1.00
8. page_103_img_0_0.jpeg | score=0.851 | stage=0.580 | page=1.00
9. page_105_img_1_0.jpeg | score=0.835 | stage=0.580 | page=1.00
10. page_105_img_0_0.jpeg | score=0.833 | stage=0.580 | page=1.00"
Q40,추가,티치펜던트와 로봇 케이블을 컨트롤러에 연결할 때 케이블이 빠지지 않도록 어떻게 연결해야 합니까?,설치/케이블 연결,설치/케이블 연결,설치/케이블 연결,0.5940,0.0729,O,해당 연결부에 딸깍 소리가 날 때까지 연결해야 함,1,1,1,O,"page; keyword:해당,연결부에,연결부,딸깍,소리가,소리; semantic_rank:1",page_84_img_0_0.jpeg,3,3,3,O,"1. page_83_img_0_0.jpeg | score=1.344 | stage=0.580 | page=1.00
2. page_119_img_1_0.jpeg | score=1.267 | stage=0.580 | page=1.00
3. page_84_img_0_0.jpeg | score=1.262 | stage=0.580 | page=1.00
4. page_120_img_0_0.jpeg | score=1.239 | stage=0.580 | page=1.00
5. page_121_img_0_0.jpeg | score=1.219 | stage=0.580 | page=1.00
6. page_116_img_0_0.jpeg | score=1.213 | stage=0.580 | page=1.00
7. page_123_img_0_0.jpeg | score=1.206 | stage=0.580 | page=1.00
8. page_115_img_0_0.jpeg | score=1.171 | stage=0.580 | page=1.00
9. page_125_img_0_0.jpeg | score=1.074 | stage=0.580 | page=1.00
10. page_86_img_0_0.jpeg | score=1.056 | stage=0.580 | page=1.00"
Q41,추가,컨트롤러 전원 케이블을 연결한 후 안전을 위해 반드시 확인해야 하는 전기적 조건은 무엇입니까?,안전/전원/접지,안전/전원/접지,,0.6226,0.0121,X,로봇이 올바르게 접지되었는지 확인해야 함,2,2,2,O,"page; keyword:로봇,올바르게; semantic_rank:7",page_86_img_0_0.jpeg,2,2,2,O,"1. page_120_img_0_0.jpeg | score=0.861 | stage=0.000 | 
2. page_86_img_0_0.jpeg | score=0.833 | stage=0.000 | 
3. page_121_img_0_0.jpeg | score=0.822 | stage=0.000 | 
4. page_119_img_1_0.jpeg | score=0.789 | stage=0.000 | 
5. page_163_img_0_0.jpeg | score=0.740 | stage=0.000 | 
6. page_133_img_0_0.jpeg | score=0.712 | stage=0.000 | 
7. page_397_img_0_0.jpeg | score=0.681 | stage=0.000 | 
8. page_398_img_0_0.jpeg | score=0.660 | stage=0.000 | 
9. page_145_img_0_0.jpeg | score=0.658 | stage=0.000 | 
10. page_147_img_0_0.jpeg | score=0.649 | stage=0.000 | "
Q42,추가,컨트롤러를 바닥에 설치할 때 기기 내부 환기를 위해 양쪽 면에 확보해야 하는 최소 여유 공간은 얼마입니까?,설치/컨트롤러 배치,설치/컨트롤러 배치,설치/컨트롤러 배치,0.5627,0.0903,O,양쪽 면에 약 50 mm의 여유 공간을 확보해야 함,1,1,1,O,"page; keyword:양쪽,면에,50,mm,여유,공간을; semantic_rank:1",page_88_img_0_0.jpeg,2,2,2,O,"1. page_88_img_1_0.jpeg | score=1.293 | stage=0.580 | page=1.00
2. page_88_img_0_0.jpeg | score=1.277 | stage=0.580 | page=1.00
3. page_86_img_0_0.jpeg | score=1.160 | stage=0.580 | page=1.00
4. page_89_img_1_0.jpeg | score=0.904 | stage=0.580 | page=1.00
5. page_93_img_0_0.jpeg | score=0.903 | stage=0.406 | page=0.70
6. page_120_img_0_0.jpeg | score=0.900 | stage=0.319 | 
7. page_89_img_0_0.jpeg | score=0.895 | stage=0.580 | page=1.00
8. page_85_img_0_0.jpeg | score=0.862 | stage=0.580 | page=1.00
9. page_116_img_0_0.jpeg | score=0.849 | stage=0.302 | 
10. page_113_img_0_0.jpeg | score=0.845 | stage=0.332 | "
Q43,추가,로봇 설치 후 첫 부팅 시 비상 정지 경고 팝업이 나타나면 비상 정지 버튼을 어떻게 해제해야 합니까?,티치 펜던트/비상정지,설치/기구 고정,,0.5349,0.0122,X,비상 정지 버튼을 시계 방향으로 돌려 해제함,1,1,1,O,"page; keyword:비상,정지,버튼을,버튼,시계,방향으로; semantic_rank:1",page_89_img_0_0.jpeg,2,2,2,O,"1. page_89_img_1_0.jpeg | score=0.913 | stage=0.000 | 
2. page_89_img_0_0.jpeg | score=0.858 | stage=0.000 | 
3. page_24_img_0_0.jpeg | score=0.757 | stage=0.000 | 
4. page_296_img_0_0.jpeg | score=0.700 | stage=0.000 | 
5. page_88_img_1_0.jpeg | score=0.635 | stage=0.000 | 
6. page_88_img_0_0.jpeg | score=0.625 | stage=0.000 | 
7. page_352_img_3_0.jpeg | score=0.623 | stage=0.000 | 
8. page_96_img_0_0.jpeg | score=0.589 | stage=0.000 | 
9. page_48_img_0_0.jpeg | score=0.579 | stage=0.000 | 
10. page_220_img_0_0.jpeg | score=0.574 | stage=0.000 | "
Q44,추가,시스템을 정상 종료할 때 전원 종료 팝업에서 눌러야 하는 버튼은 무엇입니까?,티치 펜던트/전원 종료,티치 펜던트/전원 종료,티치 펜던트/전원 종료,0.5838,0.0367,O,전원 종료 팝업에서 확인 버튼을 눌러 종료함,1,1,1,O,"page; keyword:전원,종료,팝업에서,팝업,버튼을,버튼; semantic_rank:1",page_94_img_0_0.jpeg,2,1,1,O,"1. page_94_img_0_0.jpeg | score=1.302 | stage=0.580 | page=1.00
2. page_95_img_0_0.jpeg | score=1.214 | stage=0.580 | page=1.00
3. page_96_img_0_0.jpeg | score=1.138 | stage=0.580 | page=1.00
4. page_163_img_0_0.jpeg | score=0.982 | stage=0.346 | 
5. page_89_img_1_0.jpeg | score=0.947 | stage=0.337 | 
6. page_163_img_1_0.jpeg | score=0.929 | stage=0.341 | 
7. page_89_img_0_0.jpeg | score=0.886 | stage=0.332 | 
8. page_125_img_0_0.jpeg | score=0.844 | stage=0.328 | 
9. page_88_img_1_0.jpeg | score=0.833 | stage=0.311 | 
10. page_88_img_0_0.jpeg | score=0.817 | stage=0.306 | "
Q45,추가,로봇을 설치 장소로 옮길 때 들어 올려야 하는 부분은 어디입니까?,설치/로봇 운반,설치/로봇 운반,,0.5967,0.0027,X,매뉴얼 그림에서 음영으로 표시된 인양 지점을 들어 이동함,1,1,1,O,"page; keyword:음영,표시된,인양,지점,들어",page_98_img_1_0.jpeg,5,1,5,O,"1. page_113_img_0_0.jpeg | score=0.825 | stage=0.000 | 
2. page_114_img_0_0.jpeg | score=0.822 | stage=0.000 | 
3. page_123_img_0_0.jpeg | score=0.810 | stage=0.000 | 
4. page_84_img_0_0.jpeg | score=0.809 | stage=0.000 | 
5. page_98_img_1_0.jpeg | score=0.765 | stage=0.000 | 
6. page_115_img_0_0.jpeg | score=0.750 | stage=0.000 | 
7. page_93_img_0_0.jpeg | score=0.736 | stage=0.000 | 
8. page_192_img_0_0.jpeg | score=0.641 | stage=0.000 | 
9. page_88_img_0_0.jpeg | score=0.603 | stage=0.000 | 
10. page_88_img_1_0.jpeg | score=0.603 | stage=0.000 | "
Q46,추가,전자파 노이즈 영향을 줄이기 위해 매니퓰레이터 케이블 양단에 설치를 권장하는 부품은 무엇입니까?,설치/케이블 노이즈 대책,설치/케이블 노이즈 대책,설치/케이블 노이즈 대책,0.5646,0.0482,O,페라이트코어를 설치하는 것을 권장함,1,2,2,O,"keyword:페라이트코어를,페라이트코어,설치하는,설치하,것을; semantic_rank:1",page_119_img_1_0.jpeg,3,3,3,O,"1. page_120_img_0_0.jpeg | score=1.293 | stage=0.580 | page=1.00
2. page_121_img_0_0.jpeg | score=1.254 | stage=0.580 | page=1.00
3. page_119_img_1_0.jpeg | score=1.247 | stage=0.580 | page=1.00
4. page_116_img_0_0.jpeg | score=1.191 | stage=0.580 | page=1.00
5. page_115_img_0_0.jpeg | score=1.176 | stage=0.580 | page=1.00
6. page_123_img_0_0.jpeg | score=1.094 | stage=0.580 | page=1.00
7. page_119_img_0_0.jpeg | score=0.993 | stage=0.580 | page=1.00
8. page_118_img_0_0.jpeg | score=0.970 | stage=0.580 | page=1.00
9. page_114_img_0_0.jpeg | score=0.928 | stage=0.580 | page=1.00
10. page_124_img_0_0.jpeg | score=0.903 | stage=0.580 | page=1.00"
Q47,추가,매니퓰레이터 연결 케이블을 컨트롤러에 연결한 뒤 케이블이 빠지지 않도록 추가로 해야 하는 조치는 무엇입니까?,설치/매니퓰레이터 연결,설치/매니퓰레이터 연결,설치/매니퓰레이터 연결,0.6230,0.0381,O,연결 후 고정용 고리를 체결해야 함,1,1,1,O,"page; keyword:연결,고정용,고리를,고리; semantic_rank:1",page_120_img_0_0.jpeg,1,1,1,O,"1. page_120_img_0_0.jpeg | score=1.327 | stage=0.580 | page=1.00
2. page_121_img_0_0.jpeg | score=1.311 | stage=0.580 | page=1.00
3. page_119_img_1_0.jpeg | score=1.307 | stage=0.580 | page=1.00
4. page_116_img_0_0.jpeg | score=1.140 | stage=0.580 | page=1.00
5. page_123_img_0_0.jpeg | score=1.103 | stage=0.580 | page=1.00
6. page_115_img_0_0.jpeg | score=1.052 | stage=0.580 | page=1.00
7. page_118_img_0_0.jpeg | score=1.042 | stage=0.580 | page=1.00
8. page_119_img_0_0.jpeg | score=1.036 | stage=0.580 | page=1.00
9. page_83_img_0_0.jpeg | score=0.935 | stage=0.306 | 
10. page_124_img_0_0.jpeg | score=0.932 | stage=0.580 | page=1.00"
Q48,추가,툴을 툴 플랜지에 고정할 때 사용하는 볼트 수와 권장 체결 토크는 얼마입니까?,툴 장착/플랜지 고정,툴 장착/플랜지 고정,툴 장착/플랜지 고정,0.6193,0.0888,O,M6 볼트 4개를 사용하며 9 Nm 토크로 조이는 것을 권장함,1,1,1,O,"page; keyword:m6,볼트,nm,토크로,조이는,조이; semantic_rank:3",page_123_img_0_0.jpeg,2,2,2,O,"1. page_93_img_0_0.jpeg | score=1.355 | stage=0.647 | page=1.00; keyword=m6,9 nm
2. page_123_img_0_0.jpeg | score=1.318 | stage=0.580 | page=1.00
3. page_94_img_0_0.jpeg | score=1.190 | stage=0.580 | page=1.00
4. page_121_img_0_0.jpeg | score=1.143 | stage=0.580 | page=1.00
5. page_95_img_0_0.jpeg | score=1.135 | stage=0.580 | page=1.00
6. page_96_img_0_0.jpeg | score=1.088 | stage=0.580 | page=1.00
7. page_124_img_0_0.jpeg | score=1.051 | stage=0.647 | page=1.00; keyword=m6,9 nm
8. page_125_img_0_0.jpeg | score=0.983 | stage=0.580 | page=1.00
9. page_84_img_0_0.jpeg | score=0.944 | stage=0.332 | 
10. page_119_img_1_0.jpeg | score=0.933 | stage=0.580 | page=1.00"
Q49,추가,컨트롤러에서 시스템 전원을 켤 때 누르는 물리적 스위치는 어디에 있습니까?,전원/컨트롤러 조작,전원/컨트롤러 조작,,0.5199,0.0144,X,컨트롤러 하단의 전원 스위치를 누름,1,1,1,O,"page; keyword:컨트롤러,하단,전원,스위치를,스위치; semantic_rank:1",page_125_img_0_0.jpeg,2,2,2,O,"1. page_88_img_1_0.jpeg | score=0.853 | stage=0.000 | 
2. page_125_img_0_0.jpeg | score=0.838 | stage=0.000 | 
3. page_88_img_0_0.jpeg | score=0.834 | stage=0.000 | 
4. page_163_img_0_0.jpeg | score=0.808 | stage=0.000 | 
5. page_121_img_0_0.jpeg | score=0.779 | stage=0.000 | 
6. page_163_img_1_0.jpeg | score=0.761 | stage=0.000 | 
7. page_144_img_0_0.jpeg | score=0.750 | stage=0.000 | 
8. page_397_img_0_0.jpeg | score=0.737 | stage=0.000 | 
9. page_144_img_1_0.jpeg | score=0.735 | stage=0.000 | 
10. page_86_img_0_0.jpeg | score=0.722 | stage=0.000 | "
Q50,추가,플랜지 디지털 출력이 활성화되었을 때와 비활성화되었을 때 출력 채널 상태는 각각 어떻게 됩니까?,툴 플랜지/디지털 출력,툴 플랜지/디지털 출력,툴 플랜지/디지털 출력,0.6200,0.0823,O,활성화 시 +24V가 되고 비활성화 시 open 상태가 됨,1,1,1,O,"page; keyword:활성화,24v,비활성화,open,상태; semantic_rank:1",page_130_img_0_0.jpeg,1,1,1,O,"1. page_130_img_0_0.jpeg | score=1.344 | stage=0.681 | page=1.00; keyword=pnp,photo coupler,+24v
2. page_132_img_0_0.png | score=1.069 | stage=0.580 | page=1.00
3. page_133_img_0_0.jpeg | score=0.907 | stage=0.580 | page=1.00
4. page_347_img_0_0.jpeg | score=0.798 | stage=0.328 | 
5. page_346_img_0_0.jpeg | score=0.798 | stage=0.332 | 
6. page_136_img_0_0.png | score=0.760 | stage=0.284 | page=0.45
7. page_348_img_0_0.jpeg | score=0.758 | stage=0.341 | 
8. page_136_img_1_0.jpeg | score=0.750 | stage=0.311 | page=0.45
9. page_139_img_0_0.jpeg | score=0.740 | stage=0.218 | 
10. page_344_img_0_0.jpeg | score=0.705 | stage=0.337 | "
Q51,추가,플랜지 아날로그 입력 기능에서 설정 가능한 입력 모드는 무엇입니까?,툴 플랜지/아날로그 입력,툴 플랜지/아날로그 입력,툴 플랜지/아날로그 입력,0.6722,0.1510,O,전압 모드(0~10V) 또는 전류 모드(4~20mA)로 설정 가능함,2,1,1,O,page; semantic_rank:12,page_132_img_0_0.png,1,1,1,O,"1. page_132_img_0_0.png | score=1.288 | stage=0.580 | page=1.00
2. page_137_img_0_0.jpeg | score=1.253 | stage=0.580 | page=1.00
3. page_136_img_1_0.jpeg | score=1.216 | stage=0.580 | page=1.00
4. page_130_img_0_0.jpeg | score=1.172 | stage=0.580 | page=1.00
5. page_136_img_0_0.png | score=1.126 | stage=0.580 | page=1.00
6. page_135_img_0_0.jpeg | score=1.016 | stage=0.580 | page=1.00
7. page_133_img_0_0.jpeg | score=1.009 | stage=0.580 | page=1.00
8. page_138_img_0_0.jpeg | score=0.997 | stage=0.580 | page=1.00
9. page_138_img_1_0.jpeg | score=0.965 | stage=0.580 | page=1.00
10. page_128_img_0_0.jpeg | score=0.856 | stage=0.406 | page=0.70"
Q52,추가,컨트롤러 I/O 단자를 통해 연결할 수 있는 대표적인 안전기기에는 무엇이 있습니까?,제어기 I/O/외부 장치 연결,제어기 I/O/외부 장치 연결,,0.6183,0.0092,X,"비상정지 스위치, 라이트 커튼, 안전 매트 등을 연결할 수 있음",1,1,1,O,"page; keyword:비상정지,스위치,라이트,커튼,안전,매트; semantic_rank:2",page_133_img_0_0.jpeg,3,1,3,O,"1. page_147_img_0_0.jpeg | score=0.864 | stage=0.000 | 
2. page_145_img_0_0.jpeg | score=0.844 | stage=0.000 | 
3. page_133_img_0_0.jpeg | score=0.842 | stage=0.000 | 
4. page_139_img_0_0.jpeg | score=0.826 | stage=0.000 | 
5. page_144_img_0_0.jpeg | score=0.799 | stage=0.000 | 
6. page_142_img_0_0.jpeg | score=0.797 | stage=0.000 | 
7. page_144_img_1_0.jpeg | score=0.784 | stage=0.000 | 
8. page_142_img_1_0.jpeg | score=0.772 | stage=0.000 | 
9. page_242_img_0_0.jpeg | score=0.751 | stage=0.000 | 
10. page_137_img_0_0.jpeg | score=0.672 | stage=0.000 | "
Q53,추가,컨트롤러의 외부 엔코더 입력 단자 TBEN은 어떤 엔코더 상을 입력받을 수 있습니까?,제어기 I/O/엔코더 입력,제어기 I/O/엔코더 입력,제어기 I/O/엔코더 입력,0.7344,0.2123,O,"A상, B상, Z상을 입력받을 수 있음",1,1,1,O,page; semantic_rank:2,page_137_img_0_0.jpeg,1,1,1,O,"1. page_137_img_0_0.jpeg | score=1.304 | stage=0.580 | page=1.00
2. page_136_img_1_0.jpeg | score=1.242 | stage=0.580 | page=1.00
3. page_136_img_0_0.png | score=1.236 | stage=0.580 | page=1.00
4. page_145_img_0_0.jpeg | score=1.199 | stage=0.580 | page=1.00
5. page_139_img_0_0.jpeg | score=1.155 | stage=0.580 | page=1.00
6. page_142_img_0_0.jpeg | score=1.130 | stage=0.580 | page=1.00
7. page_138_img_0_0.jpeg | score=1.124 | stage=0.580 | page=1.00
8. page_142_img_1_0.jpeg | score=1.109 | stage=0.580 | page=1.00
9. page_141_img_1_0.jpeg | score=1.105 | stage=0.580 | page=1.00
10. page_144_img_0_0.jpeg | score=1.078 | stage=0.580 | page=1.00"
Q54,추가,컨트롤러의 Configurable 디지털 I/O는 디지털 입력과 디지털 출력을 각각 몇 개씩 제공합니까?,제어기 I/O/디지털 입출력,제어기 I/O/디지털 입출력,제어기 I/O/디지털 입출력,0.7134,0.0964,O,디지털 입력 16개와 디지털 출력 16개로 구성됨,1,1,1,O,page; semantic_rank:1,page_139_img_0_0.jpeg,1,1,1,O,"1. page_139_img_0_0.jpeg | score=1.382 | stage=0.722 | page=1.00; keyword=o,16; section=o
2. page_144_img_0_0.jpeg | score=1.372 | stage=0.722 | page=1.00; keyword=o,controller; section=o
3. page_144_img_1_0.jpeg | score=1.357 | stage=0.722 | page=1.00; keyword=o,controller; section=o
4. page_145_img_0_0.jpeg | score=1.304 | stage=0.689 | page=1.00; keyword=o; section=o
5. page_137_img_0_0.jpeg | score=1.261 | stage=0.689 | page=1.00; keyword=o; section=o
6. page_142_img_1_0.jpeg | score=1.233 | stage=0.689 | page=1.00; keyword=o; section=o
7. page_141_img_1_0.jpeg | score=1.190 | stage=0.689 | page=1.00; keyword=o; section=o
8. page_142_img_0_0.jpeg | score=1.184 | stage=0.689 | page=1.00; keyword=o; section=o
9. page_147_img_0_0.jpeg | score=1.131 | stage=0.722 | page=1.00; keyword=o,controller; section=o
10. page_136_img_1_0.jpeg | score=1.096 | stage=0.515 | page=0.70; keyword=o; section=o"
Q55,추가,단순 부하를 구동할 때 TBCO 단자블록에서 부하는 어떤 단자 사이에 연결합니까?,제어기 I/O/디지털 출력 배선,제어기 I/O/디지털 출력 배선,제어기 I/O/디지털 출력 배선,0.6301,0.1729,O,TBCO1~TBCO4의 Oxx 단자와 GIO 단자 사이에 부하를 연결함,1,1,1,O,"page; keyword:tbco1,tbco4,oxx,단자와,단자,gio; semantic_rank:1",page_141_img_1_0.jpeg,1,1,1,O,"1. page_141_img_1_0.jpeg | score=1.343 | stage=0.681 | page=1.00; keyword=tbco,oxx,gio
2. page_142_img_0_0.jpeg | score=1.262 | stage=0.614 | page=1.00; keyword=tbco
3. page_142_img_1_0.jpeg | score=1.244 | stage=0.614 | page=1.00; keyword=tbco
4. page_145_img_0_0.jpeg | score=1.157 | stage=0.580 | page=1.00
5. page_144_img_0_0.jpeg | score=1.115 | stage=0.614 | page=1.00; keyword=gio
6. page_144_img_1_0.jpeg | score=1.095 | stage=0.614 | page=1.00; keyword=gio
7. page_143_img_1_0.jpeg | score=0.996 | stage=0.614 | page=1.00; keyword=tbco
8. page_143_img_0_0.jpeg | score=0.993 | stage=0.614 | page=1.00; keyword=tbco
9. page_137_img_0_0.jpeg | score=0.962 | stage=0.406 | page=0.70
10. page_133_img_0_0.jpeg | score=0.873 | stage=0.319 | "
Q56,추가,Sink type 입력기기와 연결할 때 Oxx 단자와 GIO 단자는 각각 어디에 연결합니까?,제어기 I/O/Sink 배선,제어기 I/O/Sink 배선,제어기 I/O/Sink 배선,0.6181,0.1194,O,"Oxx는 외부기기의 입력단자에, GIO는 Negative common에 연결함",1,1,1,O,"page; keyword:oxx,외부기기의,외부기기,입력단자,gio,negative; semantic_rank:1",page_142_img_0_0.jpeg,1,1,1,O,"1. page_142_img_0_0.jpeg | score=1.367 | stage=0.781 | page=1.00; keyword=sink type,negative common,tbco; section=o,sink type
2. page_142_img_1_0.jpeg | score=1.338 | stage=0.781 | page=1.00; keyword=sink type,negative common,tbco; section=o,sink type
3. page_144_img_0_0.jpeg | score=1.279 | stage=0.664 | page=1.00; keyword=gio; section=o
4. page_141_img_1_0.jpeg | score=1.268 | stage=0.731 | page=1.00; keyword=oxx,gio,tbco; section=o
5. page_144_img_1_0.jpeg | score=1.262 | stage=0.664 | page=1.00; keyword=gio; section=o
6. page_139_img_0_0.jpeg | score=1.216 | stage=0.630 | page=1.00; section=o
7. page_145_img_0_0.jpeg | score=1.190 | stage=0.630 | page=1.00; section=o
8. page_143_img_1_0.jpeg | score=1.096 | stage=0.781 | page=1.00; keyword=sink type,negative common,tbco; section=o,sink type
9. page_143_img_0_0.jpeg | score=1.093 | stage=0.781 | page=1.00; keyword=sink type,negative common,tbco; section=o,sink type
10. page_137_img_0_0.jpeg | score=1.001 | stage=0.456 | page=0.70; section=o"
Q57,추가,테스트 펄스가 포함된 안전신호를 연결할 수 있는 Safety Controller 전용 안전 입력 단자는 무엇입니까?,안전 I/O/테스트 펄스,안전 I/O/테스트 펄스,안전 I/O/테스트 펄스,0.7127,0.1485,O,"SI1, SI2, SI3, SI4 단자",1,1,1,O,"page; keyword:si1,si2,si3,si4,단자; semantic_rank:13",page_147_img_0_0.jpeg,1,1,1,O,"1. page_147_img_0_0.jpeg | score=1.441 | stage=0.799 | page=1.00; keyword=safety controller,si1,si2,si3; section=o
2. page_145_img_0_0.jpeg | score=1.288 | stage=0.680 | page=1.00; section=safety i,o
3. page_142_img_0_0.jpeg | score=1.224 | stage=0.630 | page=1.00; section=o
4. page_142_img_1_0.jpeg | score=1.195 | stage=0.630 | page=1.00; section=o
5. page_139_img_0_0.jpeg | score=1.173 | stage=0.630 | page=1.00; section=o
6. page_144_img_0_0.jpeg | score=1.162 | stage=0.664 | page=1.00; keyword=safety controller; section=o
7. page_144_img_1_0.jpeg | score=1.145 | stage=0.664 | page=1.00; keyword=safety controller; section=o
8. page_143_img_0_0.jpeg | score=0.986 | stage=0.630 | page=1.00; section=o
9. page_143_img_1_0.jpeg | score=0.983 | stage=0.630 | page=1.00; section=o
10. page_148_img_0_0.jpeg | score=0.945 | stage=0.630 | page=1.00; section=o"
Q58,추가,컨트롤러 네트워크 연결에서 WAN 포트와 LAN 포트의 용도는 각각 무엇입니까?,네트워크/포트 연결,네트워크/포트 연결,네트워크/포트 연결,0.5809,0.0994,O,"WAN은 외부 인터넷 망 연결, LAN은 TCP/IP 또는 Modbus 주변기기 연결에 사용됨",1,1,1,O,"page; keyword:wan,외부,인터넷,연결,lan,tcp; semantic_rank:1",page_148_img_0_0.jpeg,1,1,1,O,"1. page_148_img_0_0.jpeg | score=1.333 | stage=0.715 | page=1.00; keyword=wan,tcp,ip,modbus
2. page_355_img_1_0.jpeg | score=1.218 | stage=0.681 | page=1.00; keyword=ip,ethernet,profinet
3. page_355_img_0_0.jpeg | score=1.186 | stage=0.647 | page=1.00; keyword=network,controller
4. page_145_img_0_0.jpeg | score=1.098 | stage=0.580 | page=1.00
5. page_354_img_0_0.jpeg | score=1.087 | stage=0.647 | page=1.00; keyword=network,controller
6. page_154_img_1_0.jpeg | score=0.996 | stage=0.647 | page=1.00; keyword=ip,ethernet
7. page_152_img_3_0.jpeg | score=0.960 | stage=0.580 | page=1.00
8. page_151_img_2_0.jpeg | score=0.947 | stage=0.580 | page=1.00
9. page_144_img_0_0.jpeg | score=0.944 | stage=0.295 | page=0.45; keyword=controller
10. page_144_img_1_0.jpeg | score=0.927 | stage=0.295 | page=0.45; keyword=controller"
Q59,추가,"오른손 법칙에서 좌표계의 X축, Y축, Z축은 각각 어느 손가락에 대응됩니까?",좌표계/오른손 법칙,좌표계/오른손 법칙,좌표계/오른손 법칙,0.6466,0.2188,O,"엄지는 X축, 검지는 Y축, 중지는 Z축에 대응됨",1,1,1,O,page; semantic_rank:1,page_177_img_1_0.jpeg,1,2,2,O,"1. page_176_img_3_0.jpeg | score=1.286 | stage=0.681 | page=1.00; keyword=x,y,z
2. page_177_img_1_0.jpeg | score=1.279 | stage=0.647 | page=1.00; keyword=x,y
3. page_176_img_2_0.jpeg | score=1.266 | stage=0.647 | page=1.00; keyword=x,y
4. page_176_img_1_0.png | score=1.030 | stage=0.647 | page=1.00; keyword=x,y
5. page_176_img_0_0.png | score=1.026 | stage=0.647 | page=1.00; keyword=x,y
6. page_175_img_1_0.jpeg | score=0.984 | stage=0.681 | page=1.00; keyword=x,y,z
7. page_175_img_4_0.jpeg | score=0.981 | stage=0.681 | page=1.00; keyword=x,y,z
8. page_175_img_3_0.jpeg | score=0.976 | stage=0.681 | page=1.00; keyword=x,y,z
9. page_175_img_2_0.jpeg | score=0.970 | stage=0.681 | page=1.00; keyword=x,y,z
10. page_378_img_2_0.jpeg | score=0.876 | stage=0.212 | keyword=x,y"
Q60,추가,Recovery 모듈은 어떤 상황에서 로봇 위치와 각도를 설정하기 위해 사용합니까?,안전 복구/Recovery,안전 복구/Recovery,안전 복구/Recovery,0.6303,0.0609,O,안전 위반이 지속되는 오류가 발생하거나 운반/포장을 위해 로봇을 설정할 때 사용함,1,1,1,O,"page; keyword:안전,위반이,위반,지속되는,지속되,오류가; semantic_rank:1",page_181_img_0_0.jpeg,1,1,1,O,"1. page_181_img_0_0.jpeg | score=1.308 | stage=0.689 | page=1.00; keyword=recovery; section=recovery
2. page_184_img_0_0.jpeg | score=1.217 | stage=0.580 | page=1.00
3. page_182_img_0_0.jpeg | score=0.975 | stage=0.580 | page=1.00
4. page_192_img_0_0.jpeg | score=0.861 | stage=0.284 | page=0.45
5. page_191_img_0_0.jpeg | score=0.681 | stage=0.289 | page=0.45
6. page_196_img_0_0.jpeg | score=0.671 | stage=0.261 | page=0.45
7. page_189_img_0_0.jpeg | score=0.669 | stage=0.261 | page=0.45
8. page_379_img_2_0.jpeg | score=0.637 | stage=0.245 | 
9. page_92_img_1_0.jpeg | score=0.635 | stage=0.332 | 
10. page_84_img_0_0.jpeg | score=0.625 | stage=0.319 | "
Q61,추가,Robot Settings 화면의 더보기 버튼은 어떤 파일 작업을 수행할 수 있게 합니까?,DART-Platform/Robot Settings,직접교시/Cockpit 설정,,0.5221,0.0254,X,"새 파일 생성, 기존 파일 불러오기, 저장, 내보내기 등을 수행할 수 있음",1,1,1,O,"page; keyword:파일,생성,기존,내보내기,등을; semantic_rank:1",page_186_img_0_0.jpeg,5,1,5,O,"1. page_168_img_0_0.jpeg | score=0.858 | stage=0.000 | 
2. page_361_img_0_0.jpeg | score=0.821 | stage=0.000 | 
3. page_248_img_0_0.jpeg | score=0.806 | stage=0.000 | 
4. page_360_img_0_0.jpeg | score=0.802 | stage=0.000 | 
5. page_186_img_0_0.jpeg | score=0.796 | stage=0.000 | 
6. page_376_img_0_0.jpeg | score=0.754 | stage=0.000 | 
7. page_375_img_0_0.jpeg | score=0.732 | stage=0.000 | 
8. page_184_img_0_0.jpeg | score=0.719 | stage=0.000 | 
9. page_309_img_1_0.jpeg | score=0.696 | stage=0.000 | 
10. page_323_img_0_0.jpeg | score=0.694 | stage=0.000 | "
Q62,추가,Cockpit 설정 화면에서 1번 버튼에 수행할 기능을 지정하는 항목은 무엇입니까?,직접교시/Cockpit 설정,직접교시/Cockpit 설정,직접교시/Cockpit 설정,0.6334,0.1321,O,1 버튼 설정 항목에서 기능을 선택함,1,1,1,O,"page; keyword:버튼,항목,기능을,기능; semantic_rank:15",page_196_img_0_0.jpeg,7,1,1,O,"1. page_196_img_0_0.jpeg | score=1.059 | stage=0.614 | page=1.00; keyword=setting
2. page_195_img_2_0.jpeg | score=0.956 | stage=0.614 | page=1.00; keyword=setting
3. page_192_img_0_0.jpeg | score=0.934 | stage=0.614 | page=1.00; keyword=setting
4. page_190_img_1_0.jpeg | score=0.900 | stage=0.614 | page=1.00; keyword=setting
5. page_190_img_0_0.jpeg | score=0.872 | stage=0.614 | page=1.00; keyword=setting
6. page_220_img_0_0.jpeg | score=0.796 | stage=0.226 | keyword=setting
7. page_224_img_0_0.jpeg | score=0.771 | stage=0.227 | keyword=setting
8. page_195_img_0_0.jpeg | score=0.746 | stage=0.614 | page=1.00; keyword=setting
9. page_376_img_0_0.jpeg | score=0.742 | stage=0.245 | 
10. page_235_img_1_0.jpeg | score=0.741 | stage=0.225 | keyword=setting"
Q63,추가,툴 무게를 설정하기 위해 Robot Parameters에서 선택해야 하는 메뉴 경로는 무엇입니까?,툴 설정/Tool Weight,툴 설정/Tool Weight,툴 설정/Tool Weight,0.6333,0.0933,O,Robot Parameters > Tool Settings > Tool Weight,1,1,1,O,"page; keyword:robot,parameters,tool,settings,weight; semantic_rank:1",page_205_img_1_0.jpeg,1,1,1,O,"1. page_205_img_1_0.jpeg | score=1.379 | stage=0.831 | page=1.00; keyword=tool weight,weight,tool settings; section=tool settings,tool weight
2. page_192_img_0_0.jpeg | score=1.094 | stage=0.406 | page=0.70
3. page_206_img_0_0.jpeg | score=1.052 | stage=0.689 | page=1.00; keyword=tool settings; section=tool settings
4. page_196_img_0_0.jpeg | score=0.960 | stage=0.406 | page=0.70
5. page_208_img_0_0.jpeg | score=0.944 | stage=0.689 | page=1.00; keyword=tool settings; section=tool settings
6. page_210_img_0_0.jpeg | score=0.930 | stage=0.689 | page=1.00; keyword=tool settings; section=tool settings
7. page_195_img_2_0.jpeg | score=0.924 | stage=0.406 | page=0.70
8. page_195_img_0_0.jpeg | score=0.918 | stage=0.406 | page=0.70
9. page_191_img_0_0.jpeg | score=0.846 | stage=0.406 | page=0.70
10. page_189_img_0_0.jpeg | score=0.843 | stage=0.406 | page=0.70"
Q64,추가,Tool Shape 팝업에서 새 툴 형상을 등록할 때 입력해야 하는 기본 항목은 무엇입니까?,툴 설정/Tool Shape,툴 설정/Tool Shape,툴 설정/Tool Shape,0.5826,0.0819,O,Tool Shape의 이름을 입력해야 함,1,1,1,O,"page; keyword:tool,shape,이름을,이름; semantic_rank:2",page_209_img_0_0.jpeg,2,2,2,O,"1. page_208_img_0_0.jpeg | score=1.278 | stage=0.655 | page=1.00; section=tool settings
2. page_209_img_0_0.jpeg | score=1.249 | stage=0.655 | page=1.00; section=tool settings
3. page_210_img_0_0.jpeg | score=1.205 | stage=0.655 | page=1.00; section=tool settings
4. page_206_img_0_0.jpeg | score=1.169 | stage=0.655 | page=1.00; section=tool settings
5. page_224_img_0_0.jpeg | score=1.162 | stage=0.580 | page=1.00
6. page_205_img_1_0.jpeg | score=1.115 | stage=0.655 | page=1.00; section=tool settings
7. page_245_img_0_0.jpeg | score=1.108 | stage=0.580 | page=1.00
8. page_235_img_1_0.jpeg | score=1.066 | stage=0.580 | page=1.00
9. page_233_img_2_0.jpeg | score=1.031 | stage=0.580 | page=1.00
10. page_226_img_2_0.jpeg | score=1.019 | stage=0.580 | page=1.00"
Q65,추가,구 형태의 안전 영역을 설정할 때 중심 위치는 어떤 축 값으로 입력합니까?,안전 설정/구역 설정,안전 설정/구역 설정,안전 설정/구역 설정,0.6088,0.0509,O,"Center Position에서 X축, Y축, Z축 값을 입력함",3,1,1,O,page,page_226_img_0_0.jpeg,,,,X,"1. page_224_img_0_0.jpeg | score=1.300 | stage=0.698 | page=1.00; keyword=x,y; section=safety settings
2. page_240_img_0_0.jpeg | score=1.287 | stage=0.698 | page=1.00; keyword=x,y; section=safety settings
3. page_241_img_0_0.jpeg | score=1.264 | stage=0.698 | page=1.00; keyword=x,y; section=safety settings
4. page_242_img_0_0.jpeg | score=1.217 | stage=0.698 | page=1.00; keyword=x,y; section=safety settings
5. page_236_img_0_0.jpeg | score=1.155 | stage=0.698 | page=1.00; keyword=x,y; section=safety settings
6. page_244_img_0_0.jpeg | score=1.145 | stage=0.698 | page=1.00; keyword=x,y; section=safety settings
7. page_243_img_0_0.jpeg | score=1.102 | stage=0.698 | page=1.00; keyword=x,y; section=safety settings
8. page_226_img_2_0.jpeg | score=1.084 | stage=0.698 | page=1.00; keyword=x,y; section=safety settings
9. page_232_img_0_0.jpeg | score=1.062 | stage=0.698 | page=1.00; keyword=x,y; section=safety settings
10. page_243_img_1_0.jpeg | score=1.046 | stage=0.698 | page=1.00; keyword=x,y; section=safety settings"
Q66,추가,공간 제한 구역에서 두 점을 사용하는 형상 설정 시 입력해야 하는 주요 위치 항목은 무엇입니까?,안전 설정/공간 제한 구역,안전 설정/공간 제한 구역,,0.5406,0.0271,X,Point 1과 Point 2 값을 입력함,4,3,4,O,"keyword:point,값을",page_230_img_0_0.jpeg,4,5,4,O,"1. page_240_img_0_0.jpeg | score=0.820 | stage=0.000 | 
2. page_236_img_0_0.jpeg | score=0.798 | stage=0.000 | 
3. page_241_img_0_0.jpeg | score=0.797 | stage=0.000 | 
4. page_230_img_0_0.jpeg | score=0.745 | stage=0.000 | 
5. page_232_img_0_0.jpeg | score=0.736 | stage=0.000 | 
6. page_244_img_0_0.jpeg | score=0.712 | stage=0.000 | 
7. page_235_img_1_0.jpeg | score=0.701 | stage=0.000 | 
8. page_242_img_0_0.jpeg | score=0.700 | stage=0.000 | 
9. page_230_img_1_0.jpeg | score=0.688 | stage=0.000 | 
10. page_233_img_1_0.jpeg | score=0.679 | stage=0.000 | "
Q67,추가,충돌 민감도 감소 구역은 어떤 목적의 안전 구역입니까?,안전 설정/충돌 민감도 감소 구역,안전 설정/충돌 민감도 감소 구역,안전 설정/충돌 민감도 감소 구역,0.6807,0.1651,O,로봇이 다양한 재료나 표면과 작업할 때 충돌 감지 민감도를 조정하는 구역임,1,1,1,O,"page; keyword:로봇이,로봇,다양한,재료나,표면과,표면; semantic_rank:1",page_243_img_0_0.jpeg,1,1,1,O,"1. page_243_img_0_0.jpeg | score=1.314 | stage=0.655 | page=1.00; section=safety settings
2. page_242_img_0_0.jpeg | score=1.278 | stage=0.655 | page=1.00; section=safety settings
3. page_244_img_0_0.jpeg | score=1.123 | stage=0.655 | page=1.00; section=safety settings
4. page_240_img_0_0.jpeg | score=1.071 | stage=0.655 | page=1.00; section=safety settings
5. page_243_img_1_0.jpeg | score=1.035 | stage=0.655 | page=1.00; section=safety settings
6. page_241_img_0_0.jpeg | score=0.898 | stage=0.655 | page=1.00; section=safety settings
7. page_245_img_0_0.jpeg | score=0.863 | stage=0.655 | page=1.00; section=safety settings
8. page_224_img_0_0.jpeg | score=0.814 | stage=0.655 | page=1.00; section=safety settings
9. page_24_img_0_0.jpeg | score=0.742 | stage=0.306 | 
10. page_225_img_0_0.jpeg | score=0.732 | stage=0.655 | page=1.00; section=safety settings"
Q68,추가,Safety Setting Review 팝업은 어떤 설정 값이 변경되었을 때 저장을 위해 사용됩니까?,안전 설정/Safety Review,안전 설정/Safety Review,안전 설정/Safety Review,0.6320,0.1484,O,Robot Parameter 모듈에서 로봇 데이터 설정 값이 변경된 경우 사용됨,1,1,1,O,"page; keyword:robot,parameter,모듈,로봇,데이터,값이; semantic_rank:1",page_248_img_0_0.jpeg,1,1,1,O,"1. page_248_img_0_0.jpeg | score=1.413 | stage=0.831 | page=1.00; keyword=safety setting review,robot parameter,review; section=safety setting review
2. page_240_img_0_0.jpeg | score=1.242 | stage=0.614 | page=1.00; keyword=safety settings
3. page_249_img_0_0.jpeg | score=1.221 | stage=0.580 | page=1.00
4. page_220_img_0_0.jpeg | score=1.211 | stage=0.614 | page=1.00; keyword=safety settings
5. page_245_img_0_0.jpeg | score=1.182 | stage=0.614 | page=1.00; keyword=safety settings
6. page_224_img_0_0.jpeg | score=1.161 | stage=0.614 | page=1.00; keyword=safety settings
7. page_246_img_0_0.jpeg | score=1.132 | stage=0.831 | page=1.00; keyword=safety setting review,robot parameter,review; section=safety setting review
8. page_247_img_0_0.jpeg | score=1.124 | stage=0.831 | page=1.00; keyword=safety setting review,robot parameter,review; section=safety setting review
9. page_247_img_1_0.jpeg | score=1.064 | stage=0.797 | page=1.00; keyword=safety setting review,review; section=safety setting review
10. page_252_img_2_0.jpeg | score=1.054 | stage=0.614 | page=1.00; keyword=robot parameter"
Q69,추가,Remote Control 모듈의 필수 설정에서는 원격 제어를 위해 어떤 항목들을 설정해야 합니까?,원격 제어/필수 설정,원격 제어/필수 설정,원격 제어/필수 설정,0.6930,0.1788,O,모듈 및 태스크를 설정하고 안전 입력 신호를 설정해야 함,1,1,1,O,"page; keyword:모듈,태스크를,태스크,안전,신호를,신호; semantic_rank:1",page_251_img_2_0.jpeg,1,1,1,O,"1. page_251_img_2_0.jpeg | score=1.368 | stage=0.689 | page=1.00; keyword=remote control; section=remote control
2. page_252_img_0_0.jpeg | score=1.325 | stage=0.689 | page=1.00; keyword=remote control; section=remote control
3. page_251_img_1_0.jpeg | score=1.312 | stage=0.689 | page=1.00; keyword=remote control; section=remote control
4. page_249_img_0_0.jpeg | score=1.296 | stage=0.689 | page=1.00; keyword=remote control; section=remote control
5. page_256_img_0_0.jpeg | score=1.269 | stage=0.580 | page=1.00
6. page_249_img_2_0.jpeg | score=1.235 | stage=0.689 | page=1.00; keyword=remote control; section=remote control
7. page_257_img_0_0.jpeg | score=1.226 | stage=0.689 | page=1.00; keyword=remote control; section=remote control
8. page_258_img_0_0.jpeg | score=1.164 | stage=0.580 | page=1.00
9. page_259_img_1_0.jpeg | score=1.153 | stage=0.580 | page=1.00
10. page_252_img_2_0.jpeg | score=1.134 | stage=0.580 | page=1.00"
Q70,추가,I/O Overview에서 제어기 디지털 입력이 High 신호일 때와 Low 신호일 때 아이콘 색상은 각각 어떻게 표시됩니까?,상태 확인/I/O Overview,상태 확인/I/O Overview,상태 확인/I/O Overview,0.6458,0.1385,O,"High 신호는 연두색, Low 신호는 회색으로 표시됨",1,1,1,O,"page; keyword:high,신호,연두색,low,회색으로,회색; semantic_rank:2",page_336_img_0_0.jpeg,1,1,1,O,"1. page_336_img_0_0.jpeg | score=1.306 | stage=0.747 | page=1.00; keyword=i,o overview; section=i,o overview
2. page_333_img_0_0.jpeg | score=1.287 | stage=0.747 | page=1.00; keyword=i,o overview; section=i,o overview
3. page_335_img_1_0.jpeg | score=1.114 | stage=0.747 | page=1.00; keyword=i,o overview; section=i,o overview
4. page_335_img_2_0.jpeg | score=1.096 | stage=0.747 | page=1.00; keyword=i,o overview; section=i,o overview
5. page_334_img_0_0.jpeg | score=1.052 | stage=0.747 | page=1.00; keyword=i,o overview; section=i,o overview
6. page_335_img_0_0.jpeg | score=1.047 | stage=0.747 | page=1.00; keyword=i,o overview; section=i,o overview
7. page_332_img_0_0.jpeg | score=1.032 | stage=0.747 | page=1.00; keyword=i,o overview; section=i,o overview
8. page_338_img_0_0.jpeg | score=0.939 | stage=0.664 | page=1.00; keyword=i; section=i
9. page_142_img_0_0.jpeg | score=0.867 | stage=0.337 | keyword=i; section=i
10. page_139_img_0_0.jpeg | score=0.866 | stage=0.302 | keyword=i; section=i"
