검토 번호,검토 유형,우선순위,질문 번호,비교군,모델,질문,실습 단계,정답 텍스트,정답 이미지,검색 텍스트 순위,검색 이미지 순위,1차 정확성(1-5),1차 구체성(1-5),1차 실습 단계 적합성(1-5),1차 안전성(1-5),1차 이해 용이성(1-5),1차 평균 점수,1차 최종 판정,1차 평가 메모,모델 답변,연구자 최종 판정(O/△/X),검토 완료(Y/N)
R001,G4 응답 X 판정 전체 검토,상,Q05,G4,Llama,엔드 이펙터(End-effector)를 제어하기 위한 툴 플랜지 커넥터의 전원 출력 핀 번호는 몇 번입니까?,툴 플랜지/I/O 배선,핀 5번(Power) 및 핀 8번(GND),page_128_img_0_0.jpeg,1,,1,2,1,2,3,1.80,X,rubric 기반 1차 평가; 정답키워드일치율=0.00; 의미유사도=0.38; 일치키워드=; 텍스트순위=1; 이미지순위=,해당 정보는 제공된 매뉴얼에서 찾을 수 없습니다.,X,Y
R002,G4 응답 X 판정 전체 검토,상,Q07,G4,Gemma,협동로봇의 직접 교시(Direct Teaching)를 활성화하기 위해 조작기 툴 플랜지에서 눌러야 하는 버튼은 무엇입니까?,직접교시/Cockpit,Cockpit 버튼,page_195_img_0_0.jpeg,1,2,1,3,1,2,4,2.20,X,rubric 기반 1차 평가; 정답키워드일치율=0.00; 의미유사도=0.47; 일치키워드=; 텍스트순위=1; 이미지순위=2,"매뉴얼에 따르면, 조작기 툴 플랜지에서 직접 교시(Direct Teaching)를 활성화하기 위해 누르는 버튼은 명시되어 있지 않습니다.",X,Y
R003,G4 응답 X 판정 전체 검토,상,Q08,G4,Gemma,제어기의 디지털 입력(Digital Input) 단자에 NPN 타입 센서를 연결할 때 배선은 어떻게 해야 합니까?,제어기 I/O 배선,24V/12V(VCC)에 PULL-UP 연결,page_138_img_0_0.jpeg,1,4,2,2,2,3,4,2.60,X,rubric 기반 1차 평가; 정답키워드일치율=0.00; 의미유사도=0.55; 일치키워드=; 텍스트순위=1; 이미지순위=4,"NPN 센서를 디지털 입력 단자에 연결하는 경우,  풀업 저항을 연결해야 합니다.",△,Y
R004,G4 응답 X 판정 전체 검토,상,Q09,G4,Qwen,안전 I/O(Safety I/O) 포트를 사용하여 펜스나 라이트 커튼을 연결할 때 사용하는 입력 핀 번호는 무엇입니까?,안전 I/O/보호정지 배선,TBSFT의 PR단자 (보호 정지),page_145_img_0_0.jpeg,1,2,1,5,1,2,5,2.80,X,rubric 기반 1차 평가; 정답키워드일치율=0.00; 의미유사도=0.43; 일치키워드=; 텍스트순위=1; 이미지순위=2,"안전 I/O(Safety I/O) 포트를 사용하여 펜스나 라이트 커튼과 같은 보호장치를 연결할 때 사용하는 입력 핀 번호는 명시적으로 언급되어 있지 않습니다. 하지만, 상부 2 쌍의 Protective Device Contact In 접점입력 단자(상부 EM1, EM2, PR1, PR2) 중에서 라이트 커튼과 같은 보호장치를 연결할 수 있습니다. 따라서, 펜스나 라이트 커튼을 연결하기 위해 사용할 입력 핀 번호는 PR1 또는 PR2 접점입력 단자 중 하나를 사용하게 됩니다.

참고로, 각 접점입력 상태에 따라 다음과 같이 동작합니다:
- Normally Closed (NC) 상태인 경우, 접점이 열려있을 때 안전 신호가 인지됩니다.
- Normally Open (NO) 상태인 경우, 접점이 닫혀있을 때 안전 신호가 인지됩니다.

따라서, 펜스나 라이트 커튼과 같은 보호장치를 연결할 때는 해당 장치의 작동 방식에 따라 NC 또는 NO 상태의 접점을 선택하여 사용해야 합니다.",X,Y
R005,G4 응답 X 판정 전체 검토,상,Q09,G4,Gemma,안전 I/O(Safety I/O) 포트를 사용하여 펜스나 라이트 커튼을 연결할 때 사용하는 입력 핀 번호는 무엇입니까?,안전 I/O/보호정지 배선,TBSFT의 PR단자 (보호 정지),page_145_img_0_0.jpeg,1,2,1,3,1,2,4,2.20,X,rubric 기반 1차 평가; 정답키워드일치율=0.00; 의미유사도=0.38; 일치키워드=; 텍스트순위=1; 이미지순위=2,안전 I/O (Safety I/O) 포트에 펜스나 라이트 커튼을 연결할 때 사용하는 입력 핀 번호는  매뉴얼에서 명시되어 있지 않습니다.,X,Y
R006,G4 응답 X 판정 전체 검토,상,Q09,G4,Llama,안전 I/O(Safety I/O) 포트를 사용하여 펜스나 라이트 커튼을 연결할 때 사용하는 입력 핀 번호는 무엇입니까?,안전 I/O/보호정지 배선,TBSFT의 PR단자 (보호 정지),page_145_img_0_0.jpeg,1,2,1,5,1,2,5,2.80,X,rubric 기반 1차 평가; 정답키워드일치율=0.00; 의미유사도=0.43; 일치키워드=; 텍스트순위=1; 이미지순위=2,"비상정지 스위치, 라이트 커튼, 안전 매트와 같은 안전기기를 연결하기 위한 Safety I/O 포트를 사용하여 펜스나 라이트 커튼을 연결할 때 사용하는 입력 핀 번호는 Protective Device Contact In: 라이트커튼, 안전매트 등 보호정지에 필요한 장치를 연결 하기에 SI1, SI2, SI3, SI4 포트를 사용합니다.",X,Y
R007,G4 응답 X 판정 전체 검토,상,Q10,G4,Qwen,티치 펜던트 화면에서 로봇의 현재 각 관절 각도를 수치로 확인하는 메뉴 경로는 무엇입니까?,티치 펜던트/상태 확인,Status 모듈 내 I/O Overview,page_332_img_0_0.jpeg,8,,1,5,1,2,5,2.80,X,rubric 기반 1차 평가; 정답키워드일치율=0.00; 의미유사도=0.45; 일치키워드=; 텍스트순위=8; 이미지순위=,"DART-Platform 매뉴얼에 따르면, 티치 펜던트 화면에서 로봇의 현재 각 관절 각도를 수치로 확인하려면 다음과 같은 경로를 따라야 합니다.

1. 메뉴 구성 > 16 기준 좌표계 선택
2. 원하는 기준 좌표계(기본, 월드, 사용자)를 선택합니다.
3. 해당 기준 좌표계에 따른 현재 로봇 자세와 태스크 자세가 표시되는 화면을 확인합니다.

이 화면에서 현재 로봇의 조인트 자세와 태스크 자세가 수치로 표시되어 있습니다.",X,Y
R008,G4 응답 X 판정 전체 검토,상,Q10,G4,Gemma,티치 펜던트 화면에서 로봇의 현재 각 관절 각도를 수치로 확인하는 메뉴 경로는 무엇입니까?,티치 펜던트/상태 확인,Status 모듈 내 I/O Overview,page_332_img_0_0.jpeg,8,,1,3,1,2,4,2.20,X,rubric 기반 1차 평가; 정답키워드일치율=0.00; 의미유사도=0.44; 일치키워드=; 텍스트순위=8; 이미지순위=,PART 6.  DART-Platform 매뉴얼 항목 설명 1 로봇 자세 에서 확인 가능합니다.,X,Y
R009,G4 응답 X 판정 전체 검토,상,Q10,G4,Llama,티치 펜던트 화면에서 로봇의 현재 각 관절 각도를 수치로 확인하는 메뉴 경로는 무엇입니까?,티치 펜던트/상태 확인,Status 모듈 내 I/O Overview,page_332_img_0_0.jpeg,8,,1,1,1,2,2,1.40,X,rubric 기반 1차 평가; 정답키워드일치율=0.00; 의미유사도=0.42; 일치키워드=; 텍스트순위=8; 이미지순위=,조인트 자세 패널입니다.,X,Y
R010,G4 응답 X 판정 전체 검토,상,Q12,G4,Llama,전원이 꺼진 상태나 비상시 조작기 각 관절의 브레이크(Brake)를 수동으로 해제하는 방법은 무엇입니까?,비상/Backdrive,Backdrive 모듈 사용,page_178_img_0_0.jpeg,1,1,1,2,1,2,4,2.00,X,rubric 기반 1차 평가; 정답키워드일치율=0.00; 의미유사도=0.41; 일치키워드=; 텍스트순위=1; 이미지순위=1,비상 정지 버튼을 눌렀다 해제하거나 서보 Off 버튼을 누르면 활성화됩니다.,X,Y
R011,G4 응답 X 판정 전체 검토,상,Q14,G4,Gemma,로봇이 특이점(Singularity) 영역에 도달했을 때 제어를 보호하기 위해 발생하는 현상은 무엇입니까?,안전/특이점/동작 제한,조인트 속력/각도 제한 위반으로 에러 발생 후 정지,page_173_img_1_0.jpeg,1,1,1,2,1,2,3,1.80,X,rubric 기반 1차 평가; 정답키워드일치율=0.00; 의미유사도=0.45; 일치키워드=; 텍스트순위=1; 이미지순위=1,특이점 영역에서는 힘 제어나 순응 제어가 동작하지 않습니다.,X,Y
R012,G4 응답 X 판정 전체 검토,상,Q15,G4,Qwen,시스템의 과거 에러 로그를 추출하는 메뉴 경로는 어디입니까?,시스템 관리/로그,Logs 모듈,page_340_img_0_0.jpeg,1,,1,5,1,2,5,2.80,X,rubric 기반 1차 평가; 정답키워드일치율=0.00; 의미유사도=0.47; 일치키워드=; 텍스트순위=1; 이미지순위=,"Manuals에 따르면, 과거 에러 로그를 추출하기 위한 메뉴 경로는 다음과 같습니다.

1. DART-Platform 매뉴얼 > Log Table header 항목을 클릭합니다.
2. Log Message 항목에서 원하는 에러 메시지를 검색하거나 필터링할 수 있습니다.
3. 필요에 따라 Code, Category 등의 필터를 사용하여 로그를 정렬하거나 필터링할 수 있습니다.

위의 단계들을 통해 과거 에러 로그를 확인 및 추출할 수 있습니다.",△,Y
R013,G4 응답 X 판정 전체 검토,상,Q15,G4,Gemma,시스템의 과거 에러 로그를 추출하는 메뉴 경로는 어디입니까?,시스템 관리/로그,Logs 모듈,page_340_img_0_0.jpeg,1,,2,2,2,3,4,2.60,X,rubric 기반 1차 평가; 정답키워드일치율=0.00; 의미유사도=0.49; 일치키워드=; 텍스트순위=1; 이미지순위=,매뉴얼에 시스템의 과거 에러 로그를 추출하는 메뉴 경로에 대한 정보가 없습니다.,X,Y
R014,G4 응답 X 판정 전체 검토,상,Q15,G4,Llama,시스템의 과거 에러 로그를 추출하는 메뉴 경로는 어디입니까?,시스템 관리/로그,Logs 모듈,page_340_img_0_0.jpeg,1,,2,2,2,3,4,2.60,X,rubric 기반 1차 평가; 정답키워드일치율=0.00; 의미유사도=0.52; 일치키워드=; 텍스트순위=1; 이미지순위=,로그 내보내기 메뉴에서 Dr.Dart-Platform 로그들을 내보낼 수 있습니다.,X,Y
R015,G4 응답 X 판정 전체 검토,상,Q16,G4,Llama,티치 펜던트 케이블을 배선할 때 케이블이 손상되지 않도록 유지해야 하는 최소 곡률반경은 얼마입니까?,설치/케이블 배선,120mm,page_116_img_0_0.jpeg,1,1,2,2,2,3,3,2.40,X,rubric 기반 1차 평가; 정답키워드일치율=0.00; 의미유사도=0.59; 일치키워드=; 텍스트순위=1; 이미지순위=1,케이블의 최소곡률반경 (R)은 120 mm입니다.,O,Y
R016,G4 응답 X 판정 전체 검토,상,Q17,G4,Qwen,플랜지의 RS-485 통신 포트를 사용할 때 X1 커넥터의 핀 번호는 무엇입니까?,툴 플랜지/통신 배선,4번(RS-485+) 및 6번(RS-485-),page_128_img_0_0.jpeg,1,2,1,1,1,1,1,1.00,X,rubric 기반 1차 평가; 정답키워드일치율=0.00; 의미유사도=0.00; 일치키워드=; 텍스트순위=1; 이미지순위=2,"플랜지의 RS-485 통신 포트를 사용할 때 X1 커넥터의 핀 번호는 명시되어 있지 않습니다. 따라서, 이 질문에 대한 정확한 답변을 제공하기 위해서는 추가적인 정보가 필요합니다. 현재 제공된 매뉴얼 내용만으로는 X1 커넥터에서 RS-485 통신 포트가 특정 핀 번호를 사용한다는 구체적인 정보가 없습니다.

따라서, 이 질문에 대한 답변은 ""manual evidence is insufficient""로 정리할 수 있습니다.",X,Y
R017,G4 응답 X 판정 전체 검토,상,Q19,G4,Llama,목표 위치를 향해 끝 단이 선형으로 이동하는 수동 이동(Jog) 방식은 무엇입니까?,수동 조작/Jog,태스크 모션 (Task Motion),page_373_img_0_0.jpeg,1,8,2,1,2,3,2,2.00,X,rubric 기반 1차 평가; 정답키워드일치율=0.00; 의미유사도=0.59; 일치키워드=; 텍스트순위=1; 이미지순위=8,조인트 모션입니다.,X,Y
R018,G4 응답 X 판정 전체 검토,상,Q20,G4,Gemma,TCP(Tool Center Point) 설정 화면에서 Z축 방향의 오프셋(Offset)만 적용하려면 어떤 항목에 값을 입력해야 합니까?,TCP/툴 좌표 설정,Z 값에 거리 입력,page_201_img_1_0.jpeg,1,1,2,3,2,3,4,2.80,X,rubric 기반 1차 평가; 정답키워드일치율=0.00; 의미유사도=0.56; 일치키워드=; 텍스트순위=1; 이미지순위=1,Z 축 방향 오프셋만 적용하려면 TCP 설정 화면에서 **Z** 항목에 값을 입력해야 합니다.,O,Y
R019,G4 응답 X 판정 전체 검토,상,Q21,G4,Qwen,안전 영역(Zone) 설정 시 선택할 수 있는 3D 도형 모양 5가지는 무엇입니까?,안전 설정/Zone 형상,"구, 원기둥, 직육면체, 기울어진 다면상자",page_241_img_0_0.jpeg,1,4,1,4,1,2,5,2.60,X,rubric 기반 1차 평가; 정답키워드일치율=0.00; 의미유사도=0.46; 일치키워드=; 텍스트순위=1; 이미지순위=4,"안전 영역(Zone) 설정 시 선택할 수 있는 3D 도형 모양은 총 5 가지입니다. 이들은 Cuboid, Cylinder, Sphere, Tilted Cuboid, Multi-plane Box 입니다.",O,Y
R020,G4 응답 X 판정 전체 검토,상,Q22,G4,Qwen,다양한 프로그램 명령어를 조립하여 로봇 동작을 구성하는 두산로보틱스의 프로그래밍 모듈 명칭은 무엇입니까?,프로그래밍/Task Editor,Task Editor (태스크 에디터),page_262_img_0_0.jpeg,10,,1,4,1,2,5,2.60,X,rubric 기반 1차 평가; 정답키워드일치율=0.00; 의미유사도=0.36; 일치키워드=; 텍스트순위=10; 이미지순위=,"두산로보틱스의 프로그래밍 모듈 명칭은 명시되어 있지 않습니다. 하지만, 제공된 정보에서 SubTask 명령어와 CallSubTask 명령어를 사용하여 로봇 동작을 구성할 수 있음을 알 수 있습니다. 이는 프로그램 명령어들을 조립하여 로봇의 동작을 설정하는 과정에 해당합니다.",X,Y
R021,G4 응답 X 판정 전체 검토,상,Q22,G4,Gemma,다양한 프로그램 명령어를 조립하여 로봇 동작을 구성하는 두산로보틱스의 프로그래밍 모듈 명칭은 무엇입니까?,프로그래밍/Task Editor,Task Editor (태스크 에디터),page_262_img_0_0.jpeg,10,,1,2,1,2,4,2.00,X,rubric 기반 1차 평가; 정답키워드일치율=0.00; 의미유사도=0.32; 일치키워드=; 텍스트순위=10; 이미지순위=,제공된 문서에는 두산로보틱스의 프로그래밍 모듈 명칭에 대한 정보가 없습니다.,X,Y
R022,G4 응답 X 판정 전체 검토,상,Q22,G4,Llama,다양한 프로그램 명령어를 조립하여 로봇 동작을 구성하는 두산로보틱스의 프로그래밍 모듈 명칭은 무엇입니까?,프로그래밍/Task Editor,Task Editor (태스크 에디터),page_262_img_0_0.jpeg,10,,1,3,1,2,4,2.20,X,rubric 기반 1차 평가; 정답키워드일치율=0.00; 의미유사도=0.42; 일치키워드=; 텍스트순위=10; 이미지순위=,SubTask 명령어와 CallSubTask 명령어를 사용하여 다양한 프로그램 명령어를 조립하여 로봇 동작을 구성할 수 있습니다.,X,Y
R023,G4 응답 X 판정 전체 검토,상,Q25,G4,Llama,조인트 각도를 기준으로 목표 위치까지 가장 빠른 경로로 이동하는 모션 명령어는 무엇입니까?,프로그래밍/모션 명령,MoveJ,page_275_img_0_0.jpeg,3,,2,3,2,3,4,2.80,X,rubric 기반 1차 평가; 정답키워드일치율=0.00; 의미유사도=0.52; 일치키워드=; 텍스트순위=3; 이미지순위=,Move L입니다. 이 모션 명령어를 사용하면 로봇의 목표 위치까지 직선을 따라 가장 빠르게 이동할 수 있습니다.,X,Y
R024,G4 응답 X 판정 전체 검토,상,Q26,G4,Qwen,소프트웨어 업데이트 모듈을 설치할 때 사용하는 패키지 파일의 확장자는 무엇입니까?,시스템 관리/소프트웨어 업데이트,.dm (다운로드 받은 모듈 패키지 설치 파일),page_167_img_2_0.jpeg,1,2,1,3,1,2,4,2.20,X,rubric 기반 1차 평가; 정답키워드일치율=0.00; 의미유사도=0.42; 일치키워드=; 텍스트순위=1; 이미지순위=2,"확장자에 대한 명시는 매뉴얼에서 확인되지 않았습니다. 따라서, 이 질문에 대해 정확히 답하기에는 매뉴얼 내 정보가 부족합니다.",X,Y
R025,G4 응답 X 판정 전체 검토,상,Q28,G4,Gemma,로봇 큐브 모듈 케이블을 결합할 때 방수 등급 강화를 위해 케이블에 결합해야 하는 부품은 무엇입니까?,설치/케이블 방수,그로밋 (Grommet),page_405_img_0_0.jpeg,1,,1,3,1,2,4,2.20,X,rubric 기반 1차 평가; 정답키워드일치율=0.00; 의미유사도=0.29; 일치키워드=; 텍스트순위=1; 이미지순위=,제공된 문서에는 로봇 큐브 모듈 케이블 결합 시 방수 등급 강화를 위한 특정 부품에 대한 정보가 없습니다.,X,Y
R026,G4 응답 X 판정 전체 검토,상,Q31,G4,Gemma,티치 펜던트에 위치한 USB 포트의 주된 용도는 무엇입니까?,티치 펜던트/USB 데이터 관리,로봇 로그 저장매체 백업 및 태스크 내보내기/가져오기,page_103_img_0_0.jpeg,1,3,1,2,1,2,4,2.00,X,rubric 기반 1차 평가; 정답키워드일치율=0.00; 의미유사도=0.41; 일치키워드=; 텍스트순위=1; 이미지순위=3,매뉴얼 내용에는 티치펜던트에 위치한 USB 포트의 용도에 대한 정보가 없습니다.,X,Y
R027,G4 응답 X 판정 전체 검토,상,Q32,G4,Qwen,로봇이 프로그램 시작점으로 기본 복귀할 수 있도록 설정하는 위치의 명칭은 무엇입니까?,프로그램 실행/Home Position,Home Position (홈 포지션),page_192_img_0_0.jpeg,7,6,1,4,1,2,5,2.60,X,rubric 기반 1차 평가; 정답키워드일치율=0.00; 의미유사도=0.45; 일치키워드=; 텍스트순위=7; 이미지순위=6,"매뉴얼에 따르면, 로봇을 기본 복귀 위치로 설정하는 명칭은 명확히 언급되어 있지 않습니다. 따라서 이 질문에 대한 정확한 답변을 제공하기는 어렵습니다. 매뉴얼의 정보를 바탕으로 볼 때, 특정 위치의 명칭보다는 '지정한 위치와 각도'라는 표현이 가장 가까운 설명입니다. 하지만 이 역시 프로그램 시작점으로 기본 복귀할 수 있도록 설정하는 위치를 정확히 명명하기에는 부족합니다. 따라서 매뉴얼에 충분한 정보가 제공되지 않았다고 판단됩니다.

따라서, ""매뉴얼证据不足""라고 답변하겠습니다.",X,Y
R028,G4 응답 X 판정 전체 검토,상,Q32,G4,Gemma,로봇이 프로그램 시작점으로 기본 복귀할 수 있도록 설정하는 위치의 명칭은 무엇입니까?,프로그램 실행/Home Position,Home Position (홈 포지션),page_192_img_0_0.jpeg,7,6,1,3,1,2,4,2.20,X,rubric 기반 1차 평가; 정답키워드일치율=0.00; 의미유사도=0.37; 일치키워드=; 텍스트순위=7; 이미지순위=6,"제공된 설명서는 로봇이 프로그램 시작점으로 기본 복귀하는 기능에 대한 정보를 제공하지 않습니다. 따라서, 해당 질문에 답변할 수 없습니다.",X,Y
R029,G4 응답 X 판정 전체 검토,상,Q32,G4,Llama,로봇이 프로그램 시작점으로 기본 복귀할 수 있도록 설정하는 위치의 명칭은 무엇입니까?,프로그램 실행/Home Position,Home Position (홈 포지션),page_192_img_0_0.jpeg,7,6,1,2,1,2,3,1.80,X,rubric 기반 1차 평가; 정답키워드일치율=0.00; 의미유사도=0.41; 일치키워드=; 텍스트순위=7; 이미지순위=6,해당 정보는 제공된 매뉴얼에 없습니다.,X,Y
R030,G4 응답 X 판정 전체 검토,상,Q35,G4,Gemma,Configurable 디지털 I/O 전원을 내부 전원과 분리하기 위해 TBPWR 단자블록에서 제거해야 하는 점퍼선 결선은 무엇입니까?,제어기 I/O 배선,VCC-VIO 및 GND-GIO,page_144_img_1_0.jpeg,1,2,1,3,1,2,4,2.20,X,rubric 기반 1차 평가; 정답키워드일치율=0.00; 의미유사도=0.34; 일치키워드=; 텍스트순위=1; 이미지순위=2,제공된 설명서에는 Configurable 디지털 I/O 전원을 내부 전원과 분리하기 위한 점퍼선 결선에 대한 정보가 없습니다.,X,Y
R031,G4 응답 X 판정 전체 검토,상,Q41,G4,Llama,컨트롤러 전원 케이블을 연결한 후 안전을 위해 반드시 확인해야 하는 전기적 조건은 무엇입니까?,안전/전원/접지,로봇이 올바르게 접지되었는지 확인해야 함,page_86_img_0_0.jpeg,2,2,1,1,1,2,2,1.40,X,rubric 기반 1차 평가; 정답키워드일치율=0.00; 의미유사도=0.44; 일치키워드=; 텍스트순위=2; 이미지순위=2,전기적 지면 연결입니다.,X,Y
R032,G4 응답 X 판정 전체 검토,상,Q47,G4,Qwen,매니퓰레이터 연결 케이블을 컨트롤러에 연결한 뒤 케이블이 빠지지 않도록 추가로 해야 하는 조치는 무엇입니까?,설치/매니퓰레이터 연결,연결 후 고정용 고리를 체결해야 함,page_120_img_0_0.jpeg,1,1,1,2,1,2,2,1.60,X,rubric 기반 1차 평가; 정답키워드일치율=0.00; 의미유사도=0.24; 일치키워드=; 텍스트순위=1; 이미지순위=1,매니龃哌哌哌哌哌哌哌哌哌哌哌哌哌哌哌哌哌哌哌哌哌哌哌哌哌哌哌哌哌哌哌,X,Y
R033,G4 응답 X 판정 전체 검토,상,Q57,G4,Llama,테스트 펄스가 포함된 안전신호를 연결할 수 있는 Safety Controller 전용 안전 입력 단자는 무엇입니까?,안전 I/O/테스트 펄스,"SI1, SI2, SI3, SI4 단자",page_147_img_0_0.jpeg,1,1,2,1,2,3,2,2.00,X,rubric 기반 1차 평가; 정답키워드일치율=0.00; 의미유사도=0.59; 일치키워드=; 텍스트순위=1; 이미지순위=1,TBSI (T) 단자입니다.,X,Y
R034,G4 응답 X 판정 전체 검토,상,Q66,G4,Llama,공간 제한 구역에서 두 점을 사용하는 형상 설정 시 입력해야 하는 주요 위치 항목은 무엇입니까?,안전 설정/공간 제한 구역,Point 1과 Point 2 값을 입력함,page_230_img_0_0.jpeg,4,4,2,3,2,3,4,2.80,X,rubric 기반 1차 평가; 정답키워드일치율=0.00; 의미유사도=0.53; 일치키워드=; 텍스트순위=4; 이미지순위=4,"두 점을 사용하는 원기둥형태의 공간 제한 구역에서 입력해야 하는 주요 위치 항목은 반지름 거리의 점, 윗면의 한 점, 밑면의 한 점입니다.",X,Y
R035,G4-Qwen △ 판정 검토,중,Q01,G4,Qwen,로봇 케이블을 임의로 개조하거나 연장할 경우 발생할 수 있는 가장 큰 위험 두 가지는 무엇입니까?,안전/전원/케이블,화재가 발생하거나 컨트롤러가 고장 날 수 있음,page_403_img_0_0.jpeg,2,,2,5,2,4,5,3.60,△,rubric 기반 1차 평가; 정답키워드일치율=0.20; 의미유사도=0.53; 일치키워드=고장; 텍스트순위=2; 이미지순위=,"임의로 로봇 케이블을 개조하거나 연장하는 것은 엄격히 금지되어 있습니다. 이러한 행동은 다음과 같은 위험을 초래할 수 있습니다:

1. 전기적 사고: 케이블의 개조 또는 연장으로 인해 전압 분포가 불균형하게 될 수 있으며, 이는 전류 과다 흐름이나 감전 등의 위험을 증가시킵니다.
2. 장비 고장 및 안전 위반: 케이블의 구조적 손상으로 인해 로봇의 정상 작동이 방해받거나, 심지어는 로봇과 사용자 모두에게 물리적인 해를 끼칠 수 있습니다.

따라서 이러한 개조나 연장은 절대 금지되어 있으며, 안전을 위해 공식적으로 승인된 방법으로만 케이블을 관리해야 합니다.",△,Y
R036,G4-Qwen △ 판정 검토,중,Q03,G4,Qwen,로봇 베이스를 바닥에 고정할 때 사용하는 볼트의 권장 규격과 체결 토크는 얼마입니까?,설치/기구 고정,M8 육각 렌치 볼트 / 20Nm 토크 권장,page_115_img_0_0.jpeg,1,1,3,3,4,5,4,3.80,△,rubric 기반 1차 평가; 정답키워드일치율=0.14; 의미유사도=0.66; 일치키워드=권장; 텍스트순위=1; 이미지순위=1,"로봇 베이스를 바닥에 고정할 때 사용하는 볼트의 권장 규격은 M8이며, 체결 토크는 20Nm으로 권장됩니다.",O,Y
R037,G4-Qwen △ 판정 검토,중,Q06,G4,Qwen,비상 상황 발생 시 즉각적인 조치를 위해 티치 펜던트에 위치한 비상 정지 버튼의 위치는 어디입니까?,티치 펜던트/비상정지,티치 펜던트 상단 우측,page_103_img_0_0.jpeg,1,6,3,3,4,4,4,3.60,△,rubric 기반 1차 평가; 정답키워드일치율=0.25; 의미유사도=0.62; 일치키워드=우측; 텍스트순위=1; 이미지순위=6,비상 상황 발생 시 즉각적인 조치를 위해 티치펜던트 우측 상단에 위치한 비상 정지 버튼을 눌러 시스템을 즉시 정지할 수 있습니다.,O,Y
R038,G4-Qwen △ 판정 검토,중,Q07,G4,Qwen,협동로봇의 직접 교시(Direct Teaching)를 활성화하기 위해 조작기 툴 플랜지에서 눌러야 하는 버튼은 무엇입니까?,직접교시/Cockpit,Cockpit 버튼,page_195_img_0_0.jpeg,1,2,2,4,2,3,5,3.20,△,rubric 기반 1차 평가; 정답키워드일치율=0.00; 의미유사도=0.48; 일치키워드=; 텍스트순위=1; 이미지순위=2,"협동로봇의 직접 교시(Direct Teaching)를 활성화하기 위해 조작기 툴 플랜지에서 핸드가이드 버튼을 누르면 됩니다. 이 버튼을 눌렀을 때, 자율이동 모드(Freedrive)로 로봇을 움직일 수 있습니다.",X,Y
R039,G4-Qwen △ 판정 검토,중,Q08,G4,Qwen,제어기의 디지털 입력(Digital Input) 단자에 NPN 타입 센서를 연결할 때 배선은 어떻게 해야 합니까?,제어기 I/O 배선,24V/12V(VCC)에 PULL-UP 연결,page_138_img_0_0.jpeg,1,4,2,5,2,3,5,3.40,△,rubric 기반 1차 평가; 정답키워드일치율=0.17; 의미유사도=0.44; 일치키워드=연결; 텍스트순위=1; 이미지순위=4,"제어기의 디지털 입력(Digital Input) 단자에 NPN 타입 센서를 연결할 때, 다음과 같은 절차와 주의사항을 준수해야 합니다.

1. **전압 제한**: NPN 타입 센서는 0 - 30V 범위 내에서 작동하므로, 센서의 출력 전압이 이 범위를 초과하지 않도록 확인합니다.
2. **풀다운 저항 연결**: 센서가 OFF 상태인 영역(0 - 5V)을 감지하기 위해 풀다운 저항을 연결해야 합니다. 이는 센서의 출력 전압이 낮아질 때 제어기에 신호를 제공합니다.
3. **공통 GND 연결**: 외부 센서와 컨트롤러 간에 공통 GND를 구성하여 노이즈 저감을 위해 케이블 쉴드는 컨트롤러 내부 접지단자에 연결해야 합니다.

위의 사항들을 준수하여 배선을 진행하시면, NPN 타입 센서가 제어기의 디지털 입력 단자와 정상적으로 연결될 수 있습니다.",X,Y
R040,G4-Qwen △ 판정 검토,중,Q20,G4,Qwen,TCP(Tool Center Point) 설정 화면에서 Z축 방향의 오프셋(Offset)만 적용하려면 어떤 항목에 값을 입력해야 합니까?,TCP/툴 좌표 설정,Z 값에 거리 입력,page_201_img_1_0.jpeg,1,1,2,4,2,3,5,3.20,△,rubric 기반 1차 평가; 정답키워드일치율=0.00; 의미유사도=0.55; 일치키워드=; 텍스트순위=1; 이미지순위=1,"TCP 설정 화면에서 Z축 방향의 오프셋만 적용하려면 [Z] 항목에 값 100을 입력해야 합니다. 다른 [A], [B], [C] 항목은 0으로 두어야 합니다. 예를 들어, [X, Y, Z, A, B, C] = [0, 0, 100, 0, 0, 0] 형식으로 설정하면 됩니다.",△,Y
R041,G4-Qwen △ 판정 검토,중,Q24,G4,Qwen,로봇의 이동 경로를 티칭할 때 직선으로 이동하도록 강제하는 모션 명령어는 무엇입니까?,프로그래밍/모션 명령,MoveL,page_275_img_0_0.jpeg,2,7,2,3,2,3,5,3.00,△,rubric 기반 1차 평가; 정답키워드일치율=0.00; 의미유사도=0.51; 일치키워드=; 텍스트순위=2; 이미지순위=7,직선으로 이동하도록 강제하는 모션 명령어는 Move L입니다. 이 명령어는 목표하는 작업 공간 좌표로 직선을 따라 로봇을 이동시키기 위해 사용됩니다.,O,Y
R042,G4-Qwen △ 판정 검토,중,Q25,G4,Qwen,조인트 각도를 기준으로 목표 위치까지 가장 빠른 경로로 이동하는 모션 명령어는 무엇입니까?,프로그래밍/모션 명령,MoveJ,page_275_img_0_0.jpeg,3,,2,4,2,3,5,3.20,△,rubric 기반 1차 평가; 정답키워드일치율=0.00; 의미유사도=0.51; 일치키워드=; 텍스트순위=3; 이미지순위=,"조인트 각도를 기준으로 목표 위치까지 가장 빠른 경로로 이동하는 모션 명령어는 `Move JX` 입니다. 이 명령어는 목표하는 작업 공간 좌표 및 관절 형태로 로봇을 이동시키는데 사용되며, 이는 가장 효율적인 경로를 통해 목적지까지 이동할 수 있게 해줍니다.",X,Y
R043,G4-Qwen △ 판정 검토,중,Q45,G4,Qwen,로봇을 설치 장소로 옮길 때 들어 올려야 하는 부분은 어디입니까?,설치/로봇 운반,매뉴얼 그림에서 음영으로 표시된 인양 지점을 들어 이동함,page_98_img_1_0.jpeg,1,5,2,3,2,4,5,3.20,△,rubric 기반 1차 평가; 정답키워드일치율=0.12; 의미유사도=0.58; 일치키워드=표시된; 텍스트순위=1; 이미지순위=5,"로봇을 설치 장소로 옮길 때 들어올려야 하는 부분은 음영 표시된 부분입니다. 안전 사고를 예방하기 위해 해당 지역 또는 국가의 중량 운반 작업 기준을 확인하고, 지침을 준수하여 운반해야 합니다.",O,Y
R044,G4-Qwen △ 판정 검토,중,Q48,G4,Qwen,툴을 툴 플랜지에 고정할 때 사용하는 볼트 수와 권장 체결 토크는 얼마입니까?,툴 장착/플랜지 고정,M6 볼트 4개를 사용하며 9 Nm 토크로 조이는 것을 권장함,page_123_img_0_0.jpeg,1,2,3,3,4,5,4,3.80,△,rubric 기반 1차 평가; 정답키워드일치율=0.11; 의미유사도=0.68; 일치키워드=볼트; 텍스트순위=1; 이미지순위=2,"툴을 툴 플랜지에 고정할 때 사용하는 볼트 수는 4개이며, 권장 체결 토크는 9 Nm입니다.",O,Y
R045,G4-Qwen △ 판정 검토,중,Q53,G4,Qwen,컨트롤러의 외부 엔코더 입력 단자 TBEN은 어떤 엔코더 상을 입력받을 수 있습니까?,제어기 I/O/엔코더 입력,"A상, B상, Z상을 입력받을 수 있음",page_137_img_0_0.jpeg,1,1,3,2,4,5,4,3.60,△,rubric 기반 1차 평가; 정답키워드일치율=0.20; 의미유사도=0.69; 일치키워드=입력받을; 텍스트순위=1; 이미지순위=1,"컨트롤러의 외부 엔코더 입력 단자 TBEN은 A, B, Z 상을 입력받을 수 있습니다.",O,Y
R046,G4-Qwen △ 판정 검토,중,Q57,G4,Qwen,테스트 펄스가 포함된 안전신호를 연결할 수 있는 Safety Controller 전용 안전 입력 단자는 무엇입니까?,안전 I/O/테스트 펄스,"SI1, SI2, SI3, SI4 단자",page_147_img_0_0.jpeg,1,1,2,4,2,4,5,3.40,△,rubric 기반 1차 평가; 정답키워드일치율=0.00; 의미유사도=0.50; 일치키워드=; 텍스트순위=1; 이미지순위=1,"테스트 펄스가 포함된 안전신호를 연결할 수 있는 Safety Controller의 전용 안전 입력 단자는 TBSI 단자입니다. 각 포트는 최대 1ms의 테스트 펄스를 20ms 당 최대 1개까지 허용하며, Low active 신호에만 테스트 펄스가 허용됩니다.",X,Y
R047,G4-Qwen △ 판정 검토,중,Q65,G4,Qwen,구 형태의 안전 영역을 설정할 때 중심 위치는 어떤 축 값으로 입력합니까?,안전 설정/구역 설정,"Center Position에서 X축, Y축, Z축 값을 입력함",page_226_img_0_0.jpeg,1,,3,3,4,4,4,3.60,△,rubric 기반 1차 평가; 정답키워드일치율=0.00; 의미유사도=0.64; 일치키워드=; 텍스트순위=1; 이미지순위=,"구 형태의 안전 영역을 설정할 때 중심 위치는 X, Y, Z 좌표값으로 입력합니다. 이는 구의 중심점의 위치를 정의하기 위함입니다.",O,Y
R048,G4-Qwen △ 판정 검토,중,Q66,G4,Qwen,공간 제한 구역에서 두 점을 사용하는 형상 설정 시 입력해야 하는 주요 위치 항목은 무엇입니까?,안전 설정/공간 제한 구역,Point 1과 Point 2 값을 입력함,page_230_img_0_0.jpeg,4,4,2,5,2,3,5,3.40,△,rubric 기반 1차 평가; 정답키워드일치율=0.00; 의미유사도=0.56; 일치키워드=; 텍스트순위=4; 이미지순위=4,"두 점을 사용하는 형상 설정 시 입력해야 하는 주요 위치 항목은 다음과 같습니다:

1. 원기둥의 경우:
   - 반지름 거리의 한 점
   - 윗면의 한 점
   - 밑면의 한 점

2. 기울어진 직육면체의 경우:
   - 기준점 (포인트 1)
   - x 축 끝점 (포인트 2)
   - y축 끝점 (포인트 3)
   - z 축 끝점 (포인트 4)

이러한 위치 항목을 입력하고 포즈 저장 버튼을 탭하여 공간 제한 구역을 설정할 수 있습니다.",X,Y
R049,G4 개선 사례: 안전/전원/접지,중,Q02,G4,Qwen,제어기의 전원 공급을 위해 시스템에서 반드시 갖추어야 하는 최소 요구 조건(안전 장치)은 무엇입니까?,안전/전원/접지,접지와 누전차단기,page_403_img_0_0.jpeg,1,5,4,5,5,5,5,4.80,O,rubric 기반 1차 평가; 정답키워드일치율=0.50; 의미유사도=0.55; 일치키워드=누전차단기; 텍스트순위=1; 이미지순위=5,"시스템에서 제어기의 전원 공급을 위해 반드시 갖추어야 하는 최소 요구 조건으로는 다음과 같은 안전 장치가 있습니다.

1. 접지 (Electrical Grounding): 로봇을 올바르게 접지해야 합니다.
2. 누전차단기 (Residual Current Device, RCD): 컨트롤러의 입력 전력을 누전차단기로 보호해야 합니다.

이 외에도 전원 케이블은 임의로 개조하거나 연장하지 않고, 원래 제공된 올바른 전선을 사용해야 하며, 모든 케이블이 연결되어 있는지 확인한 후에 제어기에 전원을 공급해야 합니다.",O,Y
R050,G4 개선 사례: UI/시스템 정보 확인,중,Q23,G4,Qwen,로봇 시스템의 시간 기능을 확인하는 곳은 화면의 어디입니까?,UI/시스템 정보 확인,Header의 현재 시간 정보,page_167_img_3_0.jpeg,4,5,3,3,4,5,5,4.00,O,rubric 기반 1차 평가; 정답키워드일치율=0.25; 의미유사도=0.45; 일치키워드=시간; 텍스트순위=4; 이미지순위=5,"매뉴얼에 따르면, 로봇 시스템의 시간 기능을 확인할 수 있는 곳은 대시보드 메뉴 구성 항목 중 '전체 시간' 항목에서 확인할 수 있습니다. 이 항목은 전체 시간 태스크가 실행된 시간을 표시합니다.",△,Y
R051,G4 개선 사례: 티치 펜던트/USB 데이터 관리,중,Q31,G4,Qwen,티치 펜던트에 위치한 USB 포트의 주된 용도는 무엇입니까?,티치 펜던트/USB 데이터 관리,로봇 로그 저장매체 백업 및 태스크 내보내기/가져오기,page_103_img_0_0.jpeg,1,3,3,3,4,5,5,4.00,O,"rubric 기반 1차 평가; 정답키워드일치율=0.33; 의미유사도=0.62; 일치키워드=내보내기,태스크; 텍스트순위=1; 이미지순위=3","티치펜던트에 위치한 USB 포트의 주된 용도는 로봇 동작 중 발생하는 로그를 USB 저장매체에 저장하거나 태스크 내보내기, 가져오기를 수행할 수 있게 하는 것입니다.",O,Y
R052,G4 실패 사례: 티치 펜던트/상태 확인,상,Q10,G4,Qwen,티치 펜던트 화면에서 로봇의 현재 각 관절 각도를 수치로 확인하는 메뉴 경로는 무엇입니까?,티치 펜던트/상태 확인,Status 모듈 내 I/O Overview,page_332_img_0_0.jpeg,8,,1,5,1,2,5,2.80,X,rubric 기반 1차 평가; 정답키워드일치율=0.00; 의미유사도=0.45; 일치키워드=; 텍스트순위=8; 이미지순위=,"DART-Platform 매뉴얼에 따르면, 티치 펜던트 화면에서 로봇의 현재 각 관절 각도를 수치로 확인하려면 다음과 같은 경로를 따라야 합니다.

1. 메뉴 구성 > 16 기준 좌표계 선택
2. 원하는 기준 좌표계(기본, 월드, 사용자)를 선택합니다.
3. 해당 기준 좌표계에 따른 현재 로봇 자세와 태스크 자세가 표시되는 화면을 확인합니다.

이 화면에서 현재 로봇의 조인트 자세와 태스크 자세가 수치로 표시되어 있습니다.",X,Y
R053,G4 실패 사례: 시스템 관리/로그,상,Q15,G4,Qwen,시스템의 과거 에러 로그를 추출하는 메뉴 경로는 어디입니까?,시스템 관리/로그,Logs 모듈,page_340_img_0_0.jpeg,1,,1,5,1,2,5,2.80,X,rubric 기반 1차 평가; 정답키워드일치율=0.00; 의미유사도=0.47; 일치키워드=; 텍스트순위=1; 이미지순위=,"Manuals에 따르면, 과거 에러 로그를 추출하기 위한 메뉴 경로는 다음과 같습니다.

1. DART-Platform 매뉴얼 > Log Table header 항목을 클릭합니다.
2. Log Message 항목에서 원하는 에러 메시지를 검색하거나 필터링할 수 있습니다.
3. 필요에 따라 Code, Category 등의 필터를 사용하여 로그를 정렬하거나 필터링할 수 있습니다.

위의 단계들을 통해 과거 에러 로그를 확인 및 추출할 수 있습니다.",△,Y
R054,G4 실패 사례: 설치/케이블 방수,상,Q28,G4,Qwen,로봇 큐브 모듈 케이블을 결합할 때 방수 등급 강화를 위해 케이블에 결합해야 하는 부품은 무엇입니까?,설치/케이블 방수,그로밋 (Grommet),page_405_img_0_0.jpeg,1,,5,4,5,5,5,4.80,O,"rubric 기반 1차 평가; 정답키워드일치율=1.00; 의미유사도=0.62; 일치키워드=grommet,그로밋; 텍스트순위=1; 이미지순위=","Manuals에 따르면, 로봇 큐브모듈의 프레임 커버 분해 후 케이블을 연결할 때 그로밋 (Grommet)을 결합하여 방수 등급을 강화해야 합니다. 따라서, 케이블에 결합해야 하는 부품은 그로밋 (Grommet)입니다.",O,Y
