질문 번호,질문,정답 이미지,BBox 기반 매핑 정답 순위,BBox 기반 매핑 Top-10,BBox 필터 + SigLIP 정답 순위,BBox 필터 + SigLIP Top-10
Q01,로봇 케이블을 임의로 개조하거나 연장할 경우 발생할 수 있는 가장 큰 위험 두 가지는 무엇입니까?,page_403_img_0_0.jpeg,,"page_116_img_0_0.jpeg
page_104_img_0_0.jpeg
page_84_img_0_0.jpeg
page_103_img_0_0.jpeg
page_118_img_0_0.jpeg
page_98_img_2_0.jpeg
page_83_img_0_0.jpeg
page_174_img_1_0.jpeg
page_115_img_0_0.jpeg
page_86_img_0_0.jpeg",,"page_104_img_0_0.jpeg
page_116_img_0_0.jpeg
page_84_img_0_0.jpeg
page_105_img_0_0.jpeg
page_98_img_0_0.jpeg
page_98_img_1_0.jpeg
page_103_img_0_0.jpeg
page_115_img_0_0.jpeg
page_118_img_0_0.jpeg
page_98_img_2_0.jpeg"
Q02,제어기의 전원 공급을 위해 시스템에서 반드시 갖추어야 하는 최소 요구 조건(안전 장치)은 무엇입니까?,page_403_img_0_0.jpeg,7,"page_86_img_0_0.jpeg
page_147_img_0_0.jpeg
page_125_img_0_0.jpeg
page_88_img_1_0.jpeg
page_121_img_0_0.jpeg
page_133_img_0_0.jpeg
page_403_img_0_0.jpeg
page_48_img_0_0.jpeg
page_145_img_0_0.jpeg
page_88_img_0_0.jpeg",2,"page_86_img_0_0.jpeg
page_403_img_0_0.jpeg
page_147_img_0_0.jpeg
page_125_img_0_0.jpeg
page_88_img_1_0.jpeg
page_132_img_0_0.png
page_121_img_0_0.jpeg
page_133_img_0_0.jpeg
page_88_img_0_0.jpeg
page_130_img_0_0.jpeg"
Q03,로봇 베이스를 바닥에 고정할 때 사용하는 볼트의 권장 규격과 체결 토크는 얼마입니까?,page_115_img_0_0.jpeg,1,"page_115_img_0_0.jpeg
page_93_img_0_0.jpeg
page_116_img_0_0.jpeg
page_123_img_0_0.jpeg
page_84_img_0_0.jpeg
page_88_img_1_0.jpeg
page_118_img_0_0.jpeg
page_192_img_0_0.jpeg
page_124_img_0_0.jpeg
page_86_img_0_0.jpeg",2,"page_93_img_0_0.jpeg
page_115_img_0_0.jpeg
page_116_img_0_0.jpeg
page_123_img_0_0.jpeg
page_84_img_0_0.jpeg
page_88_img_0_0.jpeg
page_88_img_1_0.jpeg
page_118_img_0_0.jpeg
page_114_img_0_0.jpeg
page_192_img_0_0.jpeg"
Q04,외부 비상 정지 스위치를 연결하기 위한 안전용 접점 입력 단자블록의 명칭과 단자는 무엇입니까?,page_145_img_0_0.jpeg,1,"page_145_img_0_0.jpeg
page_147_img_0_0.jpeg
page_133_img_0_0.jpeg
page_142_img_0_0.jpeg
page_142_img_1_0.jpeg
page_24_img_0_0.jpeg
page_144_img_0_0.jpeg
page_144_img_1_0.jpeg
page_241_img_0_0.jpeg
page_143_img_0_0.jpeg",1,"page_145_img_0_0.jpeg
page_147_img_0_0.jpeg
page_133_img_0_0.jpeg
page_142_img_0_0.jpeg
page_142_img_1_0.jpeg
page_24_img_0_0.jpeg
page_148_img_0_0.jpeg
page_144_img_0_0.jpeg
page_144_img_1_0.jpeg
page_242_img_0_0.jpeg"
Q05,엔드 이펙터(End-effector)를 제어하기 위한 툴 플랜지 커넥터의 전원 출력 핀 번호는 몇 번입니까?,page_128_img_0_0.jpeg,,"page_94_img_0_0.jpeg
page_127_img_0_0.jpeg
page_130_img_0_0.jpeg
page_93_img_0_0.jpeg
page_137_img_0_0.jpeg
page_98_img_0_0.jpeg
page_98_img_1_0.jpeg
page_132_img_0_0.png
page_133_img_0_0.jpeg
page_104_img_0_0.jpeg",,"page_94_img_0_0.jpeg
page_127_img_0_0.jpeg
page_132_img_0_0.png
page_95_img_0_0.jpeg
page_130_img_0_0.jpeg
page_137_img_0_0.jpeg
page_104_img_0_0.jpeg
page_93_img_0_0.jpeg
page_103_img_0_0.jpeg
page_98_img_0_0.jpeg"
Q06,비상 상황 발생 시 즉각적인 조치를 위해 티치 펜던트에 위치한 비상 정지 버튼의 위치는 어디입니까?,page_103_img_0_0.jpeg,,"page_24_img_0_0.jpeg
page_89_img_1_0.jpeg
page_89_img_0_0.jpeg
page_163_img_1_0.jpeg
page_163_img_0_0.jpeg
page_224_img_0_0.jpeg
page_94_img_0_0.jpeg
page_96_img_0_0.jpeg
page_88_img_1_0.jpeg
page_220_img_0_0.jpeg",,"page_24_img_0_0.jpeg
page_89_img_1_0.jpeg
page_89_img_0_0.jpeg
page_224_img_0_0.jpeg
page_163_img_0_0.jpeg
page_94_img_0_0.jpeg
page_163_img_1_0.jpeg
page_95_img_0_0.jpeg
page_96_img_0_0.jpeg
page_88_img_1_0.jpeg"
Q07,협동로봇의 직접 교시(Direct Teaching)를 활성화하기 위해 조작기 툴 플랜지에서 눌러야 하는 버튼은 무엇입니까?,page_195_img_0_0.jpeg,,"page_323_img_0_0.jpeg
page_323_img_1_0.jpeg
page_324_img_0_0.jpeg
page_123_img_0_0.jpeg
page_88_img_1_0.jpeg
page_325_img_0_0.jpeg
page_89_img_1_0.jpeg
page_195_img_2_0.jpeg
page_125_img_0_0.jpeg
page_124_img_0_0.jpeg",7,"page_323_img_0_0.jpeg
page_325_img_0_0.jpeg
page_323_img_1_0.jpeg
page_324_img_0_0.jpeg
page_195_img_2_0.jpeg
page_123_img_0_0.jpeg
page_195_img_0_0.jpeg
page_88_img_1_0.jpeg
page_89_img_1_0.jpeg
page_196_img_0_0.jpeg"
Q08,제어기의 디지털 입력(Digital Input) 단자에 NPN 타입 센서를 연결할 때 배선은 어떻게 해야 합니까?,page_138_img_0_0.jpeg,,"page_139_img_0_0.jpeg
page_142_img_0_0.jpeg
page_142_img_1_0.jpeg
page_121_img_0_0.jpeg
page_137_img_0_0.jpeg
page_144_img_0_0.jpeg
page_144_img_1_0.jpeg
page_130_img_0_0.jpeg
page_141_img_1_0.jpeg
page_145_img_0_0.jpeg",1,"page_138_img_0_0.jpeg
page_138_img_1_0.jpeg
page_139_img_0_0.jpeg
page_142_img_1_0.jpeg
page_142_img_0_0.jpeg
page_140_img_0_0.jpeg
page_121_img_0_0.jpeg
page_137_img_0_0.jpeg
page_132_img_0_0.png
page_144_img_0_0.jpeg"
Q09,안전 I/O(Safety I/O) 포트를 사용하여 펜스나 라이트 커튼을 연결할 때 사용하는 입력 핀 번호는 무엇입니까?,page_145_img_0_0.jpeg,2,"page_147_img_0_0.jpeg
page_145_img_0_0.jpeg
page_133_img_0_0.jpeg
page_142_img_0_0.jpeg
page_142_img_1_0.jpeg
page_144_img_0_0.jpeg
page_144_img_1_0.jpeg
page_241_img_0_0.jpeg
page_256_img_0_0.jpeg
page_139_img_0_0.jpeg",2,"page_147_img_0_0.jpeg
page_145_img_0_0.jpeg
page_133_img_0_0.jpeg
page_142_img_0_0.jpeg
page_142_img_1_0.jpeg
page_148_img_0_0.jpeg
page_144_img_0_0.jpeg
page_144_img_1_0.jpeg
page_242_img_0_0.jpeg
page_241_img_0_0.jpeg"
Q10,티치 펜던트 화면에서 로봇의 현재 각 관절 각도를 수치로 확인하는 메뉴 경로는 무엇입니까?,page_332_img_0_0.jpeg,,"page_192_img_0_0.jpeg
page_384_img_0_0.jpeg
page_104_img_0_0.jpeg
page_96_img_0_0.jpeg
page_376_img_0_0.jpeg
page_196_img_0_0.jpeg
page_195_img_2_0.jpeg
page_189_img_0_0.jpeg
page_386_img_2_0.jpeg
page_381_img_0_0.jpeg",,"page_196_img_0_0.jpeg
page_192_img_0_0.jpeg
page_387_img_0_0.jpeg
page_104_img_0_0.jpeg
page_384_img_0_0.jpeg
page_195_img_2_0.jpeg
page_195_img_0_0.jpeg
page_376_img_0_0.jpeg
page_105_img_0_0.jpeg
page_96_img_0_0.jpeg"
Q11,로봇을 천장(Ceiling)에 거꾸로 설치할 때 소프트웨어 설정 메뉴에서 입력해야 하는 마운팅 각도는 어떻게 설정합니까?,page_188_img_0_0.jpeg,,"page_192_img_0_0.jpeg
page_181_img_0_0.jpeg
page_88_img_1_0.jpeg
page_378_img_2_0.jpeg
page_123_img_0_0.jpeg
page_191_img_0_0.jpeg
page_196_img_0_0.jpeg
page_189_img_0_0.jpeg
page_113_img_0_0.jpeg
page_195_img_2_0.jpeg",,"page_192_img_0_0.jpeg
page_88_img_1_0.jpeg
page_181_img_0_0.jpeg
page_378_img_2_0.jpeg
page_379_img_2_0.jpeg
page_196_img_0_0.jpeg
page_123_img_0_0.jpeg
page_195_img_2_0.jpeg
page_88_img_0_0.jpeg
page_92_img_1_0.jpeg"
Q12,전원이 꺼진 상태나 비상시 조작기 각 관절의 브레이크(Brake)를 수동으로 해제하는 방법은 무엇입니까?,page_178_img_0_0.jpeg,2,"page_179_img_1_0.jpeg
page_178_img_0_0.jpeg
page_125_img_0_0.jpeg
page_89_img_1_0.jpeg
page_89_img_0_0.jpeg
page_181_img_0_0.jpeg
page_24_img_0_0.jpeg
page_88_img_1_0.jpeg
page_177_img_1_0.jpeg
page_96_img_0_0.jpeg",2,"page_179_img_1_0.jpeg
page_178_img_0_0.jpeg
page_125_img_0_0.jpeg
page_89_img_1_0.jpeg
page_89_img_0_0.jpeg
page_181_img_0_0.jpeg
page_24_img_0_0.jpeg
page_225_img_0_0.jpeg
page_195_img_2_0.jpeg
page_88_img_1_0.jpeg"
Q13,티치 펜던트의 전원을 강제로 종료하는 물리적 버튼 조작법은 무엇입니까?,page_24_img_0_0.jpeg,4,"page_163_img_1_0.jpeg
page_163_img_0_0.jpeg
page_94_img_0_0.jpeg
page_24_img_0_0.jpeg
page_96_img_0_0.jpeg
page_95_img_0_0.jpeg
page_89_img_1_0.jpeg
page_88_img_1_0.jpeg
page_89_img_0_0.jpeg
page_103_img_0_0.jpeg",5,"page_163_img_0_0.jpeg
page_94_img_0_0.jpeg
page_163_img_1_0.jpeg
page_95_img_0_0.jpeg
page_24_img_0_0.jpeg
page_96_img_0_0.jpeg
page_89_img_1_0.jpeg
page_89_img_0_0.jpeg
page_88_img_1_0.jpeg
page_103_img_0_0.jpeg"
Q14,로봇이 특이점(Singularity) 영역에 도달했을 때 제어를 보호하기 위해 발생하는 현상은 무엇입니까?,page_173_img_1_0.jpeg,1,"page_173_img_1_0.jpeg
page_174_img_1_0.jpeg
page_48_img_0_0.jpeg
page_277_img_0_0.jpeg
page_242_img_0_0.jpeg
page_175_img_1_0.jpeg
page_175_img_4_0.jpeg
page_175_img_3_0.jpeg
page_175_img_2_0.jpeg
page_280_img_0_0.jpeg",1,"page_173_img_1_0.jpeg
page_174_img_1_0.jpeg
page_175_img_2_0.jpeg
page_48_img_0_0.jpeg
page_277_img_0_0.jpeg
page_278_img_1_0.jpeg
page_49_img_0_0.jpeg
page_242_img_0_0.jpeg
page_175_img_1_0.jpeg
page_175_img_4_0.jpeg"
Q15,시스템의 과거 에러 로그를 추출하는 메뉴 경로는 어디입니까?,page_340_img_0_0.jpeg,7,"page_366_img_0_0.jpeg
page_368_img_0_0.jpeg
page_342_img_2_0.jpeg
page_363_img_0_0.jpeg
page_370_img_0_0.jpeg
page_182_img_0_0.jpeg
page_340_img_0_0.jpeg
page_169_img_2_0.jpeg
page_342_img_0_0.jpeg
page_342_img_1_0.jpeg",,"page_366_img_0_0.jpeg
page_368_img_0_0.jpeg
page_367_img_0_0.jpeg
page_369_img_0_0.jpeg
page_182_img_0_0.jpeg
page_363_img_0_0.jpeg
page_342_img_2_0.jpeg
page_370_img_0_0.jpeg
page_258_img_0_0.jpeg
page_361_img_0_0.jpeg"
Q16,티치 펜던트 케이블을 배선할 때 케이블이 손상되지 않도록 유지해야 하는 최소 곡률반경은 얼마입니까?,page_116_img_0_0.jpeg,1,"page_116_img_0_0.jpeg
page_119_img_1_0.jpeg
page_88_img_1_0.jpeg
page_121_img_0_0.jpeg
page_83_img_0_0.jpeg
page_96_img_0_0.jpeg
page_110_img_0_0.jpeg
page_95_img_0_0.jpeg
page_123_img_0_0.jpeg
page_120_img_0_0.jpeg",1,"page_116_img_0_0.jpeg
page_119_img_1_0.jpeg
page_88_img_0_0.jpeg
page_88_img_1_0.jpeg
page_121_img_0_0.jpeg
page_83_img_0_0.jpeg
page_96_img_0_0.jpeg
page_84_img_0_0.jpeg
page_110_img_0_0.jpeg
page_95_img_0_0.jpeg"
Q17,플랜지의 RS-485 통신 포트를 사용할 때 X1 커넥터의 핀 번호는 무엇입니까?,page_128_img_0_0.jpeg,1,"page_128_img_0_0.jpeg
page_130_img_0_0.jpeg
page_127_img_0_0.jpeg
page_201_img_1_0.jpeg
page_123_img_0_0.jpeg
page_141_img_1_0.jpeg
page_132_img_0_0.png
page_94_img_0_0.jpeg
page_133_img_0_0.jpeg
page_201_img_0_0.jpeg",1,"page_128_img_0_0.jpeg
page_130_img_0_0.jpeg
page_127_img_0_0.jpeg
page_132_img_0_0.png
page_201_img_1_0.jpeg
page_123_img_0_0.jpeg
page_95_img_0_0.jpeg
page_141_img_1_0.jpeg
page_94_img_0_0.jpeg
page_142_img_1_0.jpeg"
Q18,작업자의 손가락 끼임 사고를 방지하기 위해 설정할 수 있는 안전 구역의 명칭은 무엇입니까?,page_242_img_0_0.jpeg,1,"page_242_img_0_0.jpeg
page_24_img_0_0.jpeg
page_243_img_0_0.jpeg
page_241_img_0_0.jpeg
page_48_img_0_0.jpeg
page_243_img_1_0.jpeg
page_49_img_0_0.jpeg
page_224_img_0_0.jpeg
page_240_img_0_0.jpeg
page_245_img_0_0.jpeg",1,"page_242_img_0_0.jpeg
page_24_img_0_0.jpeg
page_243_img_0_0.jpeg
page_241_img_0_0.jpeg
page_243_img_1_0.jpeg
page_48_img_0_0.jpeg
page_49_img_0_0.jpeg
page_224_img_0_0.jpeg
page_225_img_0_0.jpeg
page_245_img_0_0.jpeg"
Q19,목표 위치를 향해 끝 단이 선형으로 이동하는 수동 이동(Jog) 방식은 무엇입니까?,page_373_img_0_0.jpeg,,"page_375_img_0_0.jpeg
page_276_img_0_0.jpeg
page_374_img_1_0.jpeg
page_374_img_0_0.jpeg
page_384_img_0_0.jpeg
page_275_img_0_0.jpeg
page_281_img_1_0.jpeg
page_376_img_0_0.jpeg
page_277_img_0_0.jpeg
page_379_img_1_0.jpeg",,"page_374_img_1_0.jpeg
page_374_img_0_0.jpeg
page_275_img_0_0.jpeg
page_375_img_0_0.jpeg
page_276_img_0_0.jpeg
page_376_img_0_0.jpeg
page_384_img_0_0.jpeg
page_281_img_1_0.jpeg
page_277_img_0_0.jpeg
page_379_img_2_0.jpeg"
Q20,TCP(Tool Center Point) 설정 화면에서 Z축 방향의 오프셋(Offset)만 적용하려면 어떤 항목에 값을 입력해야 합니까?,page_201_img_1_0.jpeg,3,"page_244_img_0_0.jpeg
page_202_img_1_0.jpeg
page_201_img_1_0.jpeg
page_208_img_0_0.jpeg
page_387_img_0_0.jpeg
page_204_img_1_0.jpeg
page_330_img_0_0.jpeg
page_209_img_0_0.jpeg
page_203_img_0_0.jpeg
page_202_img_0_0.jpeg",5,"page_244_img_0_0.jpeg
page_203_img_0_0.jpeg
page_202_img_1_0.jpeg
page_209_img_0_0.jpeg
page_201_img_1_0.jpeg
page_208_img_0_0.jpeg
page_204_img_1_0.jpeg
page_387_img_0_0.jpeg
page_245_img_0_0.jpeg
page_210_img_2_0.jpeg"
Q21,안전 영역(Zone) 설정 시 선택할 수 있는 3D 도형 모양 5가지는 무엇입니까?,page_241_img_0_0.jpeg,,"page_224_img_0_0.jpeg
page_240_img_0_0.jpeg
page_242_img_0_0.jpeg
page_236_img_0_0.jpeg
page_226_img_2_0.jpeg
page_232_img_0_0.jpeg
page_227_img_0_0.jpeg
page_231_img_0_0.jpeg
page_225_img_0_0.jpeg
page_238_img_1_0.jpeg",4,"page_224_img_0_0.jpeg
page_225_img_0_0.jpeg
page_240_img_0_0.jpeg
page_241_img_0_0.jpeg
page_243_img_0_0.jpeg
page_242_img_0_0.jpeg
page_236_img_0_0.jpeg
page_227_img_0_0.jpeg
page_226_img_2_0.jpeg
page_235_img_1_0.jpeg"
Q22,다양한 프로그램 명령어를 조립하여 로봇 동작을 구성하는 두산로보틱스의 프로그래밍 모듈 명칭은 무엇입니까?,page_262_img_0_0.jpeg,,"page_316_img_0_0.jpeg
page_312_img_0_0.jpeg
page_275_img_0_0.jpeg
page_277_img_0_0.jpeg
page_278_img_1_0.jpeg
page_271_img_1_0.jpeg
page_276_img_0_0.jpeg
page_174_img_1_0.jpeg
page_104_img_0_0.jpeg
page_154_img_1_0.jpeg",,"page_316_img_0_0.jpeg
page_278_img_1_0.jpeg
page_312_img_0_0.jpeg
page_275_img_0_0.jpeg
page_277_img_0_0.jpeg
page_313_img_0_0.jpeg
page_271_img_1_0.jpeg
page_174_img_1_0.jpeg
page_276_img_0_0.jpeg
page_104_img_0_0.jpeg"
Q23,로봇 시스템의 시간 기능을 확인하는 곳은 화면의 어디입니까?,page_167_img_3_0.jpeg,,"page_357_img_0_0.jpeg
page_258_img_0_0.jpeg
page_83_img_0_0.jpeg
page_84_img_0_0.jpeg
page_95_img_0_0.jpeg
page_89_img_1_0.jpeg
page_308_img_1_0.jpeg
page_375_img_0_0.jpeg
page_376_img_0_0.jpeg
page_89_img_0_0.jpeg",,"page_357_img_0_0.jpeg
page_259_img_1_0.jpeg
page_258_img_0_0.jpeg
page_83_img_0_0.jpeg
page_84_img_0_0.jpeg
page_89_img_1_0.jpeg
page_95_img_0_0.jpeg
page_309_img_1_0.jpeg
page_308_img_1_0.jpeg
page_376_img_0_0.jpeg"
Q24,로봇의 이동 경로를 티칭할 때 직선으로 이동하도록 강제하는 모션 명령어는 무엇입니까?,page_275_img_0_0.jpeg,,"page_276_img_0_0.jpeg
page_277_img_0_0.jpeg
page_299_img_0_0.jpeg
page_280_img_0_0.jpeg
page_281_img_1_0.jpeg
page_308_img_1_0.jpeg
page_279_img_0_0.jpeg
page_278_img_1_0.jpeg
page_195_img_2_0.jpeg
page_307_img_1_0.jpeg",5,"page_276_img_0_0.jpeg
page_277_img_0_0.jpeg
page_195_img_2_0.jpeg
page_299_img_0_0.jpeg
page_275_img_0_0.jpeg
page_374_img_1_0.jpeg
page_374_img_0_0.jpeg
page_195_img_0_0.jpeg
page_278_img_1_0.jpeg
page_281_img_1_0.jpeg"
Q25,조인트 각도를 기준으로 목표 위치까지 가장 빠른 경로로 이동하는 모션 명령어는 무엇입니까?,page_275_img_0_0.jpeg,,"page_378_img_2_0.jpeg
page_384_img_0_0.jpeg
page_379_img_2_0.jpeg
page_379_img_1_0.jpeg
page_375_img_0_0.jpeg
page_267_img_1_0.jpeg
page_379_img_0_0.jpeg
page_378_img_0_0.jpeg
page_376_img_0_0.jpeg
page_374_img_1_0.jpeg",6,"page_378_img_2_0.jpeg
page_379_img_2_0.jpeg
page_374_img_1_0.jpeg
page_374_img_0_0.jpeg
page_384_img_0_0.jpeg
page_275_img_0_0.jpeg
page_375_img_0_0.jpeg
page_379_img_1_0.jpeg
page_379_img_0_0.jpeg
page_267_img_1_0.jpeg"
Q26,소프트웨어 업데이트 모듈을 설치할 때 사용하는 패키지 파일의 확장자는 무엇입니까?,page_167_img_2_0.jpeg,1,"page_167_img_2_0.jpeg
page_366_img_0_0.jpeg
page_373_img_0_0.jpeg
page_343_img_0_0.jpeg
page_361_img_1_0.jpeg
page_360_img_0_0.jpeg
page_363_img_0_0.jpeg
page_364_img_1_0.jpeg
page_361_img_0_0.jpeg
page_361_img_2_0.png",4,"page_373_img_0_0.jpeg
page_361_img_0_0.jpeg
page_361_img_1_0.jpeg
page_167_img_2_0.jpeg
page_366_img_0_0.jpeg
page_168_img_0_0.jpeg
page_367_img_0_0.jpeg
page_167_img_3_0.jpeg
page_360_img_0_0.jpeg
page_363_img_0_0.jpeg"
Q27,공장 출하 상태로 시스템을 복원하는 '공장 초기화(Factory Reset)' 진행 시 삭제되는 데이터는 무엇입니까?,page_370_img_0_0.jpeg,1,"page_370_img_0_0.jpeg
page_369_img_0_0.jpeg
page_363_img_0_0.jpeg
page_182_img_0_0.jpeg
page_181_img_0_0.jpeg
page_237_img_0_0.jpeg
page_241_img_0_0.jpeg
page_238_img_0_0.jpeg
page_239_img_0_0.jpeg
page_232_img_0_0.jpeg",1,"page_370_img_0_0.jpeg
page_228_img_0_0.jpeg
page_228_img_2_0.jpeg
page_369_img_0_0.jpeg
page_182_img_0_0.jpeg
page_363_img_0_0.jpeg
page_241_img_0_0.jpeg
page_237_img_0_0.jpeg
page_238_img_0_0.jpeg
page_181_img_0_0.jpeg"
Q28,로봇 큐브 모듈 케이블을 결합할 때 방수 등급 강화를 위해 케이블에 결합해야 하는 부품은 무엇입니까?,page_405_img_0_0.jpeg,,"page_123_img_0_0.jpeg
page_397_img_0_0.jpeg
page_120_img_0_0.jpeg
page_127_img_0_0.jpeg
page_405_img_3_0.jpeg
page_405_img_5_0.jpeg
page_84_img_0_0.jpeg
page_86_img_0_0.jpeg
page_124_img_0_0.jpeg
page_83_img_0_0.jpeg",,"page_123_img_0_0.jpeg
page_398_img_0_0.jpeg
page_397_img_0_0.jpeg
page_120_img_0_0.jpeg
page_127_img_0_0.jpeg
page_405_img_3_0.jpeg
page_405_img_5_0.jpeg
page_84_img_0_0.jpeg
page_403_img_0_0.jpeg
page_121_img_0_0.jpeg"
Q29,엔드 이펙터 툴의 중심 좌표계(Tool Coordinate)의 기준이 되는 z축의 방향은 플랜지 좌표계에서 어느 방향을 따라 회전합니까?,page_202_img_0_0.jpeg,,"page_201_img_1_0.jpeg
page_202_img_1_0.jpeg
page_110_img_0_0.jpeg
page_176_img_3_0.jpeg
page_379_img_1_0.jpeg
page_379_img_2_0.jpeg
page_244_img_0_0.jpeg
page_208_img_0_0.jpeg
page_205_img_1_0.jpeg
page_201_img_0_0.jpeg",,"page_201_img_1_0.jpeg
page_202_img_1_0.jpeg
page_203_img_0_0.jpeg
page_110_img_0_0.jpeg
page_176_img_3_0.jpeg
page_176_img_0_0.png
page_204_img_1_0.jpeg
page_378_img_2_0.jpeg
page_204_img_0_0.jpeg
page_381_img_0_0.jpeg"
Q30,전원 입력 시 극성이 잘못 결선되었을 때 컨트롤러 고장을 막기 위해 주의해야 할 항목은 무엇입니까?,page_403_img_0_0.jpeg,,"page_121_img_0_0.jpeg
page_86_img_0_0.jpeg
page_120_img_0_0.jpeg
page_125_img_0_0.jpeg
page_139_img_0_0.jpeg
page_137_img_0_0.jpeg
page_138_img_1_0.jpeg
page_138_img_0_0.jpeg
page_123_img_0_0.jpeg
page_88_img_1_0.jpeg",,"page_121_img_0_0.jpeg
page_86_img_0_0.jpeg
page_138_img_0_0.jpeg
page_138_img_1_0.jpeg
page_120_img_0_0.jpeg
page_125_img_0_0.jpeg
page_137_img_0_0.jpeg
page_163_img_0_0.jpeg
page_139_img_0_0.jpeg
page_136_img_0_0.png"
Q31,티치 펜던트에 위치한 USB 포트의 주된 용도는 무엇입니까?,page_103_img_0_0.jpeg,8,"page_119_img_1_0.jpeg
page_95_img_0_0.jpeg
page_163_img_1_0.jpeg
page_163_img_0_0.jpeg
page_96_img_0_0.jpeg
page_104_img_0_0.jpeg
page_397_img_0_0.jpeg
page_103_img_0_0.jpeg
page_94_img_0_0.jpeg
page_83_img_0_0.jpeg",8,"page_102_img_0_0.jpeg
page_119_img_1_0.jpeg
page_95_img_0_0.jpeg
page_96_img_0_0.jpeg
page_163_img_0_0.jpeg
page_163_img_1_0.jpeg
page_104_img_0_0.jpeg
page_103_img_0_0.jpeg
page_120_img_0_0.jpeg
page_398_img_0_0.jpeg"
Q32,로봇이 프로그램 시작점으로 기본 복귀할 수 있도록 설정하는 위치의 명칭은 무엇입니까?,page_192_img_0_0.jpeg,6,"page_181_img_0_0.jpeg
page_84_img_0_0.jpeg
page_83_img_0_0.jpeg
page_323_img_0_0.jpeg
page_323_img_1_0.jpeg
page_192_img_0_0.jpeg
page_324_img_0_0.jpeg
page_184_img_0_0.jpeg
page_89_img_1_0.jpeg
page_89_img_0_0.jpeg",8,"page_181_img_0_0.jpeg
page_84_img_0_0.jpeg
page_323_img_0_0.jpeg
page_92_img_1_0.jpeg
page_83_img_0_0.jpeg
page_325_img_0_0.jpeg
page_323_img_1_0.jpeg
page_192_img_0_0.jpeg
page_324_img_0_0.jpeg
page_184_img_0_0.jpeg"
Q33,사용자 계정 관리에서 관리자(Supervisor) 권한으로 접근할 때 입력해야 하는 초기 비밀번호는 무엇입니까?,page_352_img_3_0.jpeg,2,"page_353_img_1_0.jpeg
page_352_img_3_0.jpeg
page_169_img_2_0.jpeg
page_330_img_0_0.jpeg
page_289_img_0_0.jpeg
page_353_img_0_0.png
page_352_img_1_0.png
page_294_img_0_0.jpeg
page_294_img_1_0.jpeg
page_147_img_0_0.jpeg",2,"page_353_img_1_0.jpeg
page_352_img_3_0.jpeg
page_169_img_2_0.jpeg
page_330_img_0_0.jpeg
page_354_img_0_0.jpeg
page_353_img_0_0.png
page_289_img_0_0.jpeg
page_352_img_1_0.png
page_294_img_0_0.jpeg
page_294_img_1_0.jpeg"
Q34,로봇을 운반이나 포장하기 위해 안전 복구 모드에서 사용할 수 있는 전용 기능의 이름은 무엇입니까?,page_184_img_0_0.jpeg,2,"page_181_img_0_0.jpeg
page_184_img_0_0.jpeg
page_48_img_0_0.jpeg
page_178_img_0_0.jpeg
page_24_img_0_0.jpeg
page_179_img_1_0.jpeg
page_92_img_1_0.jpeg
page_186_img_0_0.jpeg
page_182_img_0_0.jpeg
page_49_img_0_0.jpeg",2,"page_181_img_0_0.jpeg
page_184_img_0_0.jpeg
page_182_img_0_0.jpeg
page_48_img_0_0.jpeg
page_92_img_1_0.jpeg
page_178_img_0_0.jpeg
page_24_img_0_0.jpeg
page_49_img_0_0.jpeg
page_179_img_1_0.jpeg
page_186_img_0_0.jpeg"
Q35,Configurable 디지털 I/O 전원을 내부 전원과 분리하기 위해 TBPWR 단자블록에서 제거해야 하는 점퍼선 결선은 무엇입니까?,page_144_img_1_0.jpeg,2,"page_144_img_0_0.jpeg
page_144_img_1_0.jpeg
page_133_img_0_0.jpeg
page_145_img_0_0.jpeg
page_141_img_1_0.jpeg
page_139_img_0_0.jpeg
page_142_img_0_0.jpeg
page_142_img_1_0.jpeg
page_96_img_0_0.jpeg
page_397_img_0_0.jpeg",2,"page_144_img_0_0.jpeg
page_144_img_1_0.jpeg
page_133_img_0_0.jpeg
page_145_img_0_0.jpeg
page_141_img_1_0.jpeg
page_142_img_1_0.jpeg
page_139_img_0_0.jpeg
page_140_img_0_0.jpeg
page_142_img_0_0.jpeg
page_136_img_0_0.png"
Q36,공간 제한 구역을 '기울어진 직육면체(3포인트 & 높이)'로 설정할 때 3D 시뮬레이션 화면에서 지정해야 하는 3개의 점은 무엇입니까?,page_237_img_0_0.jpeg,9,"page_376_img_0_0.jpeg
page_240_img_0_0.jpeg
page_243_img_0_0.jpeg
page_242_img_0_0.jpeg
page_236_img_0_0.jpeg
page_244_img_0_0.jpeg
page_238_img_1_0.jpeg
page_232_img_0_0.jpeg
page_237_img_0_0.jpeg
page_378_img_2_0.jpeg",1,"page_237_img_0_0.jpeg
page_376_img_0_0.jpeg
page_236_img_0_0.jpeg
page_240_img_0_0.jpeg
page_243_img_0_0.jpeg
page_244_img_0_0.jpeg
page_241_img_0_0.jpeg
page_232_img_0_0.jpeg
page_242_img_0_0.jpeg
page_238_img_1_0.jpeg"
Q37,힘 제어 모드에서 외력 센서값 오차를 초기화하기 위해 Custom Code에 입력해야 하는 DRL 명령어는 무엇입니까?,page_310_img_1_0.jpeg,10,"page_308_img_1_0.jpeg
page_280_img_0_0.jpeg
page_281_img_1_0.jpeg
page_276_img_0_0.jpeg
page_277_img_0_0.jpeg
page_299_img_0_0.jpeg
page_311_img_0_0.jpeg
page_309_img_1_0.jpeg
page_309_img_0_0.jpeg
page_310_img_1_0.jpeg",,"page_309_img_1_0.jpeg
page_308_img_1_0.jpeg
page_281_img_1_0.jpeg
page_280_img_0_0.jpeg
page_277_img_0_0.jpeg
page_276_img_0_0.jpeg
page_173_img_1_0.jpeg
page_299_img_0_0.jpeg
page_278_img_1_0.jpeg
page_311_img_0_0.jpeg"
Q38,PROFINET 통신 구조에서 로봇 상태(Robot State) 정보를 전송하도록 할당된 Slot 번호는 몇 번입니까?,page_155_img_1_0.jpeg,3,"page_154_img_1_0.jpeg
page_357_img_0_0.jpeg
page_155_img_1_0.jpeg
page_168_img_0_0.jpeg
page_291_img_0_0.jpeg
page_299_img_0_0.jpeg
page_298_img_2_0.jpeg
page_298_img_0_0.jpeg
page_292_img_0_0.jpeg
page_167_img_3_0.jpeg",1,"page_155_img_1_0.jpeg
page_154_img_1_0.jpeg
page_357_img_0_0.jpeg
page_168_img_0_0.jpeg
page_291_img_0_0.jpeg
page_298_img_2_0.jpeg
page_298_img_0_0.jpeg
page_292_img_0_0.jpeg
page_299_img_0_0.jpeg
page_167_img_3_0.jpeg"
Q39,제품을 처음 개봉할 때 로봇과 컨트롤러는 몇 개의 상자에 나누어 배송됩니까?,page_83_img_0_0.jpeg,1,"page_83_img_0_0.jpeg
page_84_img_0_0.jpeg
page_397_img_0_0.jpeg
page_139_img_0_0.jpeg
page_85_img_0_0.jpeg
page_184_img_0_0.jpeg
page_95_img_0_0.jpeg
page_104_img_0_0.jpeg
page_400_img_0_0.jpeg
page_401_img_1_0.jpeg",1,"page_83_img_0_0.jpeg
page_84_img_0_0.jpeg
page_398_img_0_0.jpeg
page_397_img_0_0.jpeg
page_104_img_0_0.jpeg
page_92_img_1_0.jpeg
page_139_img_0_0.jpeg
page_85_img_0_0.jpeg
page_140_img_0_0.jpeg
page_105_img_0_0.jpeg"
Q40,티치펜던트와 로봇 케이블을 컨트롤러에 연결할 때 케이블이 빠지지 않도록 어떻게 연결해야 합니까?,page_84_img_0_0.jpeg,10,"page_83_img_0_0.jpeg
page_397_img_0_0.jpeg
page_119_img_1_0.jpeg
page_88_img_1_0.jpeg
page_116_img_0_0.jpeg
page_120_img_0_0.jpeg
page_89_img_1_0.jpeg
page_123_img_0_0.jpeg
page_104_img_0_0.jpeg
page_84_img_0_0.jpeg",10,"page_83_img_0_0.jpeg
page_398_img_0_0.jpeg
page_397_img_0_0.jpeg
page_119_img_1_0.jpeg
page_120_img_0_0.jpeg
page_121_img_0_0.jpeg
page_88_img_1_0.jpeg
page_116_img_0_0.jpeg
page_89_img_1_0.jpeg
page_84_img_0_0.jpeg"
Q41,컨트롤러 전원 케이블을 연결한 후 안전을 위해 반드시 확인해야 하는 전기적 조건은 무엇입니까?,page_86_img_0_0.jpeg,2,"page_120_img_0_0.jpeg
page_86_img_0_0.jpeg
page_121_img_0_0.jpeg
page_119_img_1_0.jpeg
page_133_img_0_0.jpeg
page_397_img_0_0.jpeg
page_88_img_1_0.jpeg
page_145_img_0_0.jpeg
page_119_img_0_0.jpeg
page_123_img_0_0.jpeg",2,"page_120_img_0_0.jpeg
page_86_img_0_0.jpeg
page_121_img_0_0.jpeg
page_119_img_1_0.jpeg
page_163_img_0_0.jpeg
page_133_img_0_0.jpeg
page_403_img_0_0.jpeg
page_398_img_0_0.jpeg
page_397_img_0_0.jpeg
page_88_img_1_0.jpeg"
Q42,컨트롤러를 바닥에 설치할 때 기기 내부 환기를 위해 양쪽 면에 확보해야 하는 최소 여유 공간은 얼마입니까?,page_88_img_0_0.jpeg,8,"page_88_img_1_0.jpeg
page_120_img_0_0.jpeg
page_119_img_1_0.jpeg
page_116_img_0_0.jpeg
page_113_img_0_0.jpeg
page_86_img_0_0.jpeg
page_121_img_0_0.jpeg
page_88_img_0_0.jpeg
page_123_img_0_0.jpeg
page_125_img_0_0.jpeg",2,"page_88_img_1_0.jpeg
page_88_img_0_0.jpeg
page_120_img_0_0.jpeg
page_116_img_0_0.jpeg
page_119_img_1_0.jpeg
page_113_img_0_0.jpeg
page_86_img_0_0.jpeg
page_121_img_0_0.jpeg
page_403_img_0_0.jpeg
page_125_img_0_0.jpeg"
Q43,로봇 설치 후 첫 부팅 시 비상 정지 경고 팝업이 나타나면 비상 정지 버튼을 어떻게 해제해야 합니까?,page_89_img_0_0.jpeg,2,"page_89_img_1_0.jpeg
page_89_img_0_0.jpeg
page_24_img_0_0.jpeg
page_296_img_0_0.jpeg
page_88_img_1_0.jpeg
page_88_img_0_0.jpeg
page_227_img_0_0.jpeg
page_220_img_0_0.jpeg
page_245_img_0_0.jpeg
page_243_img_0_0.jpeg",2,"page_89_img_1_0.jpeg
page_89_img_0_0.jpeg
page_24_img_0_0.jpeg
page_88_img_1_0.jpeg
page_88_img_0_0.jpeg
page_296_img_0_0.jpeg
page_227_img_0_0.jpeg
page_220_img_0_0.jpeg
page_245_img_0_0.jpeg
page_243_img_0_0.jpeg"
Q44,시스템을 정상 종료할 때 전원 종료 팝업에서 눌러야 하는 버튼은 무엇입니까?,page_94_img_0_0.jpeg,1,"page_94_img_0_0.jpeg
page_163_img_1_0.jpeg
page_163_img_0_0.jpeg
page_89_img_1_0.jpeg
page_89_img_0_0.jpeg
page_95_img_0_0.jpeg
page_125_img_0_0.jpeg
page_88_img_1_0.jpeg
page_24_img_0_0.jpeg
page_96_img_0_0.jpeg",1,"page_94_img_0_0.jpeg
page_163_img_0_0.jpeg
page_89_img_1_0.jpeg
page_163_img_1_0.jpeg
page_89_img_0_0.jpeg
page_95_img_0_0.jpeg
page_125_img_0_0.jpeg
page_88_img_1_0.jpeg
page_96_img_0_0.jpeg
page_24_img_0_0.jpeg"
Q45,로봇을 설치 장소로 옮길 때 들어 올려야 하는 부분은 어디입니까?,page_98_img_1_0.jpeg,,"page_113_img_0_0.jpeg
page_123_img_0_0.jpeg
page_84_img_0_0.jpeg
page_114_img_0_0.jpeg
page_93_img_0_0.jpeg
page_115_img_0_0.jpeg
page_124_img_0_0.jpeg
page_192_img_0_0.jpeg
page_125_img_0_0.jpeg
page_85_img_0_0.jpeg",3,"page_113_img_0_0.jpeg
page_98_img_0_0.jpeg
page_98_img_1_0.jpeg
page_123_img_0_0.jpeg
page_84_img_0_0.jpeg
page_114_img_0_0.jpeg
page_93_img_0_0.jpeg
page_192_img_0_0.jpeg
page_115_img_0_0.jpeg
page_124_img_0_0.jpeg"
Q46,전자파 노이즈 영향을 줄이기 위해 매니퓰레이터 케이블 양단에 설치를 권장하는 부품은 무엇입니까?,page_119_img_1_0.jpeg,2,"page_120_img_0_0.jpeg
page_119_img_1_0.jpeg
page_116_img_0_0.jpeg
page_121_img_0_0.jpeg
page_397_img_0_0.jpeg
page_98_img_0_0.jpeg
page_115_img_0_0.jpeg
page_98_img_1_0.jpeg
page_123_img_0_0.jpeg
page_119_img_0_0.jpeg",3,"page_120_img_0_0.jpeg
page_121_img_0_0.jpeg
page_119_img_1_0.jpeg
page_116_img_0_0.jpeg
page_398_img_0_0.jpeg
page_397_img_0_0.jpeg
page_98_img_0_0.jpeg
page_98_img_1_0.jpeg
page_123_img_0_0.jpeg
page_115_img_0_0.jpeg"
Q47,매니퓰레이터 연결 케이블을 컨트롤러에 연결한 뒤 케이블이 빠지지 않도록 추가로 해야 하는 조치는 무엇입니까?,page_120_img_0_0.jpeg,1,"page_120_img_0_0.jpeg
page_119_img_1_0.jpeg
page_121_img_0_0.jpeg
page_83_img_0_0.jpeg
page_86_img_0_0.jpeg
page_397_img_0_0.jpeg
page_116_img_0_0.jpeg
page_98_img_0_0.jpeg
page_118_img_0_0.jpeg
page_123_img_0_0.jpeg",1,"page_120_img_0_0.jpeg
page_121_img_0_0.jpeg
page_119_img_1_0.jpeg
page_83_img_0_0.jpeg
page_86_img_0_0.jpeg
page_163_img_0_0.jpeg
page_398_img_0_0.jpeg
page_397_img_0_0.jpeg
page_98_img_0_0.jpeg
page_116_img_0_0.jpeg"
Q48,툴을 툴 플랜지에 고정할 때 사용하는 볼트 수와 권장 체결 토크는 얼마입니까?,page_123_img_0_0.jpeg,2,"page_93_img_0_0.jpeg
page_123_img_0_0.jpeg
page_84_img_0_0.jpeg
page_205_img_1_0.jpeg
page_94_img_0_0.jpeg
page_121_img_0_0.jpeg
page_115_img_0_0.jpeg
page_124_img_0_0.jpeg
page_125_img_0_0.jpeg
page_96_img_0_0.jpeg",1,"page_123_img_0_0.jpeg
page_93_img_0_0.jpeg
page_84_img_0_0.jpeg
page_94_img_0_0.jpeg
page_205_img_1_0.jpeg
page_206_img_0_0.jpeg
page_121_img_0_0.jpeg
page_95_img_0_0.jpeg
page_124_img_0_0.jpeg
page_115_img_0_0.jpeg"
Q49,컨트롤러에서 시스템 전원을 켤 때 누르는 물리적 스위치는 어디에 있습니까?,page_125_img_0_0.jpeg,1,"page_125_img_0_0.jpeg
page_88_img_1_0.jpeg
page_89_img_1_0.jpeg
page_121_img_0_0.jpeg
page_163_img_1_0.jpeg
page_163_img_0_0.jpeg
page_397_img_0_0.jpeg
page_144_img_0_0.jpeg
page_144_img_1_0.jpeg
page_86_img_0_0.jpeg",1,"page_125_img_0_0.jpeg
page_88_img_1_0.jpeg
page_89_img_1_0.jpeg
page_121_img_0_0.jpeg
page_163_img_0_0.jpeg
page_163_img_1_0.jpeg
page_398_img_0_0.jpeg
page_397_img_0_0.jpeg
page_144_img_0_0.jpeg
page_144_img_1_0.jpeg"
Q50,플랜지 디지털 출력이 활성화되었을 때와 비활성화되었을 때 출력 채널 상태는 각각 어떻게 됩니까?,page_130_img_0_0.jpeg,1,"page_130_img_0_0.jpeg
page_336_img_0_0.jpeg
page_347_img_0_0.jpeg
page_335_img_2_0.jpeg
page_335_img_1_0.jpeg
page_139_img_0_0.jpeg
page_346_img_0_0.jpeg
page_132_img_0_0.png
page_96_img_0_0.jpeg
page_144_img_0_0.jpeg",1,"page_130_img_0_0.jpeg
page_132_img_0_0.png
page_336_img_0_0.jpeg
page_347_img_0_0.jpeg
page_346_img_0_0.jpeg
page_334_img_0_0.jpeg
page_335_img_2_0.jpeg
page_335_img_1_0.jpeg
page_139_img_0_0.jpeg
page_140_img_0_0.jpeg"
Q51,플랜지 아날로그 입력 기능에서 설정 가능한 입력 모드는 무엇입니까?,page_132_img_0_0.png,5,"page_130_img_0_0.jpeg
page_336_img_0_0.jpeg
page_333_img_0_0.jpeg
page_137_img_0_0.jpeg
page_132_img_0_0.png
page_136_img_0_0.png
page_135_img_0_0.jpeg
page_136_img_1_0.jpeg
page_133_img_0_0.jpeg
page_138_img_0_0.jpeg",1,"page_132_img_0_0.png
page_136_img_0_0.png
page_137_img_0_0.jpeg
page_130_img_0_0.jpeg
page_336_img_0_0.jpeg
page_333_img_0_0.jpeg
page_135_img_0_0.jpeg
page_338_img_0_0.jpeg
page_136_img_1_0.jpeg
page_133_img_0_0.jpeg"
Q52,컨트롤러 I/O 단자를 통해 연결할 수 있는 대표적인 안전기기에는 무엇이 있습니까?,page_133_img_0_0.jpeg,1,"page_133_img_0_0.jpeg
page_145_img_0_0.jpeg
page_147_img_0_0.jpeg
page_139_img_0_0.jpeg
page_142_img_0_0.jpeg
page_144_img_0_0.jpeg
page_144_img_1_0.jpeg
page_142_img_1_0.jpeg
page_148_img_0_0.jpeg
page_141_img_1_0.jpeg",1,"page_133_img_0_0.jpeg
page_145_img_0_0.jpeg
page_147_img_0_0.jpeg
page_139_img_0_0.jpeg
page_140_img_0_0.jpeg
page_144_img_0_0.jpeg
page_144_img_1_0.jpeg
page_142_img_0_0.jpeg
page_142_img_1_0.jpeg
page_242_img_0_0.jpeg"
Q53,컨트롤러의 외부 엔코더 입력 단자 TBEN은 어떤 엔코더 상을 입력받을 수 있습니까?,page_137_img_0_0.jpeg,1,"page_137_img_0_0.jpeg
page_147_img_0_0.jpeg
page_145_img_0_0.jpeg
page_133_img_0_0.jpeg
page_142_img_0_0.jpeg
page_139_img_0_0.jpeg
page_148_img_0_0.jpeg
page_141_img_1_0.jpeg
page_142_img_1_0.jpeg
page_136_img_0_0.png",1,"page_137_img_0_0.jpeg
page_136_img_0_0.png
page_147_img_0_0.jpeg
page_145_img_0_0.jpeg
page_133_img_0_0.jpeg
page_138_img_0_0.jpeg
page_138_img_1_0.jpeg
page_148_img_0_0.jpeg
page_139_img_0_0.jpeg
page_142_img_1_0.jpeg"
Q54,컨트롤러의 Configurable 디지털 I/O는 디지털 입력과 디지털 출력을 각각 몇 개씩 제공합니까?,page_139_img_0_0.jpeg,1,"page_139_img_0_0.jpeg
page_144_img_0_0.jpeg
page_144_img_1_0.jpeg
page_145_img_0_0.jpeg
page_333_img_0_0.jpeg
page_336_img_0_0.jpeg
page_141_img_1_0.jpeg
page_142_img_0_0.jpeg
page_142_img_1_0.jpeg
page_137_img_0_0.jpeg",1,"page_139_img_0_0.jpeg
page_144_img_0_0.jpeg
page_140_img_0_0.jpeg
page_144_img_1_0.jpeg
page_145_img_0_0.jpeg
page_333_img_0_0.jpeg
page_142_img_1_0.jpeg
page_136_img_0_0.png
page_137_img_0_0.jpeg
page_336_img_0_0.jpeg"
Q55,단순 부하를 구동할 때 TBCO 단자블록에서 부하는 어떤 단자 사이에 연결합니까?,page_141_img_1_0.jpeg,1,"page_141_img_1_0.jpeg
page_142_img_0_0.jpeg
page_142_img_1_0.jpeg
page_133_img_0_0.jpeg
page_145_img_0_0.jpeg
page_397_img_0_0.jpeg
page_144_img_0_0.jpeg
page_147_img_0_0.jpeg
page_144_img_1_0.jpeg
page_143_img_1_0.jpeg",1,"page_141_img_1_0.jpeg
page_142_img_1_0.jpeg
page_142_img_0_0.jpeg
page_133_img_0_0.jpeg
page_136_img_0_0.png
page_145_img_0_0.jpeg
page_398_img_0_0.jpeg
page_397_img_0_0.jpeg
page_102_img_0_0.jpeg
page_137_img_0_0.jpeg"
Q56,Sink type 입력기기와 연결할 때 Oxx 단자와 GIO 단자는 각각 어디에 연결합니까?,page_142_img_0_0.jpeg,1,"page_142_img_0_0.jpeg
page_142_img_1_0.jpeg
page_144_img_0_0.jpeg
page_144_img_1_0.jpeg
page_141_img_1_0.jpeg
page_145_img_0_0.jpeg
page_128_img_0_0.jpeg
page_139_img_0_0.jpeg
page_133_img_0_0.jpeg
page_143_img_1_0.jpeg",1,"page_142_img_0_0.jpeg
page_142_img_1_0.jpeg
page_144_img_0_0.jpeg
page_144_img_1_0.jpeg
page_141_img_1_0.jpeg
page_145_img_0_0.jpeg
page_128_img_0_0.jpeg
page_139_img_0_0.jpeg
page_140_img_0_0.jpeg
page_136_img_0_0.png"
Q57,테스트 펄스가 포함된 안전신호를 연결할 수 있는 Safety Controller 전용 안전 입력 단자는 무엇입니까?,page_147_img_0_0.jpeg,1,"page_147_img_0_0.jpeg
page_145_img_0_0.jpeg
page_133_img_0_0.jpeg
page_142_img_0_0.jpeg
page_142_img_1_0.jpeg
page_241_img_0_0.jpeg
page_144_img_0_0.jpeg
page_139_img_0_0.jpeg
page_144_img_1_0.jpeg
page_137_img_0_0.jpeg",1,"page_147_img_0_0.jpeg
page_145_img_0_0.jpeg
page_133_img_0_0.jpeg
page_142_img_0_0.jpeg
page_142_img_1_0.jpeg
page_148_img_0_0.jpeg
page_242_img_0_0.jpeg
page_241_img_0_0.jpeg
page_144_img_0_0.jpeg
page_138_img_0_0.jpeg"
Q58,컨트롤러 네트워크 연결에서 WAN 포트와 LAN 포트의 용도는 각각 무엇입니까?,page_148_img_0_0.jpeg,1,"page_148_img_0_0.jpeg
page_133_img_0_0.jpeg
page_355_img_1_0.jpeg
page_144_img_0_0.jpeg
page_144_img_1_0.jpeg
page_355_img_0_0.jpeg
page_152_img_3_0.jpeg
page_145_img_0_0.jpeg
page_104_img_0_0.jpeg
page_125_img_0_0.jpeg",1,"page_148_img_0_0.jpeg
page_133_img_0_0.jpeg
page_355_img_1_0.jpeg
page_144_img_0_0.jpeg
page_355_img_0_0.jpeg
page_144_img_1_0.jpeg
page_125_img_0_0.jpeg
page_102_img_0_0.jpeg
page_104_img_0_0.jpeg
page_120_img_0_0.jpeg"
Q59,"오른손 법칙에서 좌표계의 X축, Y축, Z축은 각각 어느 손가락에 대응됩니까?",page_177_img_1_0.jpeg,,"page_176_img_3_0.jpeg
page_379_img_1_0.jpeg
page_384_img_0_0.jpeg
page_201_img_1_0.jpeg
page_379_img_2_0.jpeg
page_202_img_1_0.jpeg
page_378_img_2_0.jpeg
page_176_img_1_0.png
page_176_img_2_0.jpeg
page_176_img_0_0.png",1,"page_177_img_1_0.jpeg
page_176_img_0_0.png
page_176_img_3_0.jpeg
page_378_img_2_0.jpeg
page_379_img_2_0.jpeg
page_201_img_1_0.jpeg
page_203_img_0_0.jpeg
page_381_img_0_0.jpeg
page_384_img_0_0.jpeg
page_202_img_1_0.jpeg"
Q60,Recovery 모듈은 어떤 상황에서 로봇 위치와 각도를 설정하기 위해 사용합니까?,page_181_img_0_0.jpeg,1,"page_181_img_0_0.jpeg
page_184_img_0_0.jpeg
page_192_img_0_0.jpeg
page_178_img_0_0.jpeg
page_92_img_1_0.jpeg
page_191_img_0_0.jpeg
page_196_img_0_0.jpeg
page_189_img_0_0.jpeg
page_179_img_1_0.jpeg
page_281_img_1_0.jpeg",1,"page_181_img_0_0.jpeg
page_184_img_0_0.jpeg
page_92_img_1_0.jpeg
page_192_img_0_0.jpeg
page_182_img_0_0.jpeg
page_178_img_0_0.jpeg
page_191_img_0_0.jpeg
page_196_img_0_0.jpeg
page_189_img_0_0.jpeg
page_195_img_0_0.jpeg"
Q61,Robot Settings 화면의 더보기 버튼은 어떤 파일 작업을 수행할 수 있게 합니까?,page_186_img_0_0.jpeg,2,"page_168_img_0_0.jpeg
page_186_img_0_0.jpeg
page_248_img_0_0.jpeg
page_376_img_0_0.jpeg
page_184_img_0_0.jpeg
page_375_img_0_0.jpeg
page_169_img_2_0.jpeg
page_167_img_2_0.jpeg
page_167_img_3_0.jpeg
page_170_img_0_0.jpeg",2,"page_168_img_0_0.jpeg
page_186_img_0_0.jpeg
page_361_img_1_0.jpeg
page_361_img_0_0.jpeg
page_248_img_0_0.jpeg
page_197_img_0_0.jpeg
page_376_img_0_0.jpeg
page_169_img_2_0.jpeg
page_184_img_0_0.jpeg
page_375_img_0_0.jpeg"
Q62,Cockpit 설정 화면에서 1번 버튼에 수행할 기능을 지정하는 항목은 무엇입니까?,page_196_img_0_0.jpeg,2,"page_220_img_0_0.jpeg
page_196_img_0_0.jpeg
page_384_img_0_0.jpeg
page_376_img_0_0.jpeg
page_381_img_0_0.jpeg
page_184_img_0_0.jpeg
page_192_img_0_0.jpeg
page_224_img_0_0.jpeg
page_236_img_0_0.jpeg
page_226_img_2_0.jpeg",1,"page_196_img_0_0.jpeg
page_197_img_0_0.jpeg
page_220_img_0_0.jpeg
page_376_img_0_0.jpeg
page_192_img_0_0.jpeg
page_381_img_0_0.jpeg
page_236_img_0_0.jpeg
page_384_img_0_0.jpeg
page_237_img_0_0.jpeg
page_224_img_0_0.jpeg"
Q63,툴 무게를 설정하기 위해 Robot Parameters에서 선택해야 하는 메뉴 경로는 무엇입니까?,page_205_img_1_0.jpeg,1,"page_205_img_1_0.jpeg
page_192_img_0_0.jpeg
page_184_img_0_0.jpeg
page_384_img_0_0.jpeg
page_248_img_0_0.jpeg
page_196_img_0_0.jpeg
page_191_img_0_0.jpeg
page_189_img_0_0.jpeg
page_195_img_2_0.jpeg
page_190_img_1_0.jpeg",1,"page_205_img_1_0.jpeg
page_192_img_0_0.jpeg
page_184_img_0_0.jpeg
page_384_img_0_0.jpeg
page_206_img_0_0.jpeg
page_209_img_0_0.jpeg
page_196_img_0_0.jpeg
page_195_img_0_0.jpeg
page_197_img_0_0.jpeg
page_248_img_0_0.jpeg"
Q64,Tool Shape 팝업에서 새 툴 형상을 등록할 때 입력해야 하는 기본 항목은 무엇입니까?,page_209_img_0_0.jpeg,4,"page_208_img_0_0.jpeg
page_224_img_0_0.jpeg
page_186_img_0_0.jpeg
page_209_img_0_0.jpeg
page_205_img_1_0.jpeg
page_206_img_0_0.jpeg
page_226_img_2_0.jpeg
page_210_img_1_0.jpeg
page_210_img_2_0.jpeg
page_259_img_1_0.jpeg",1,"page_209_img_0_0.jpeg
page_208_img_0_0.jpeg
page_210_img_0_0.jpeg
page_210_img_1_0.jpeg
page_210_img_2_0.jpeg
page_206_img_0_0.jpeg
page_224_img_0_0.jpeg
page_186_img_0_0.jpeg
page_205_img_1_0.jpeg
page_245_img_0_0.jpeg"
Q65,구 형태의 안전 영역을 설정할 때 중심 위치는 어떤 축 값으로 입력합니까?,page_226_img_0_0.jpeg,,"page_240_img_0_0.jpeg
page_224_img_0_0.jpeg
page_242_img_0_0.jpeg
page_201_img_1_0.jpeg
page_244_img_0_0.jpeg
page_236_img_0_0.jpeg
page_243_img_0_0.jpeg
page_226_img_2_0.jpeg
page_232_img_0_0.jpeg
page_241_img_0_0.jpeg",,"page_241_img_0_0.jpeg
page_240_img_0_0.jpeg
page_224_img_0_0.jpeg
page_225_img_0_0.jpeg
page_243_img_0_0.jpeg
page_242_img_0_0.jpeg
page_236_img_0_0.jpeg
page_244_img_0_0.jpeg
page_201_img_1_0.jpeg
page_202_img_1_0.jpeg"
Q66,공간 제한 구역에서 두 점을 사용하는 형상 설정 시 입력해야 하는 주요 위치 항목은 무엇입니까?,page_230_img_0_0.jpeg,6,"page_240_img_0_0.jpeg
page_236_img_0_0.jpeg
page_242_img_0_0.jpeg
page_232_img_0_0.jpeg
page_244_img_0_0.jpeg
page_230_img_0_0.jpeg
page_239_img_0_0.jpeg
page_192_img_0_0.jpeg
page_243_img_0_0.jpeg
page_243_img_1_0.jpeg",9,"page_240_img_0_0.jpeg
page_241_img_0_0.jpeg
page_237_img_0_0.jpeg
page_236_img_0_0.jpeg
page_232_img_0_0.jpeg
page_244_img_0_0.jpeg
page_242_img_0_0.jpeg
page_243_img_0_0.jpeg
page_230_img_0_0.jpeg
page_231_img_1_0.jpeg"
Q67,충돌 민감도 감소 구역은 어떤 목적의 안전 구역입니까?,page_243_img_0_0.jpeg,1,"page_243_img_0_0.jpeg
page_242_img_0_0.jpeg
page_244_img_0_0.jpeg
page_296_img_0_0.jpeg
page_24_img_0_0.jpeg
page_294_img_1_0.jpeg
page_295_img_0_0.jpeg
page_240_img_0_0.jpeg
page_284_img_0_0.jpeg
page_284_img_1_0.jpeg",1,"page_243_img_0_0.jpeg
page_242_img_0_0.jpeg
page_244_img_0_0.jpeg
page_24_img_0_0.jpeg
page_296_img_0_0.jpeg
page_294_img_1_0.jpeg
page_295_img_0_0.jpeg
page_284_img_0_0.jpeg
page_284_img_1_0.jpeg
page_240_img_0_0.jpeg"
Q68,Safety Setting Review 팝업은 어떤 설정 값이 변경되었을 때 저장을 위해 사용됩니까?,page_248_img_0_0.jpeg,1,"page_248_img_0_0.jpeg
page_220_img_0_0.jpeg
page_240_img_0_0.jpeg
page_246_img_0_0.jpeg
page_247_img_0_0.jpeg
page_224_img_0_0.jpeg
page_247_img_1_0.jpeg
page_208_img_0_0.jpeg
page_249_img_0_0.jpeg
page_223_img_0_0.jpeg",1,"page_248_img_0_0.jpeg
page_249_img_0_0.jpeg
page_220_img_0_0.jpeg
page_240_img_0_0.jpeg
page_241_img_0_0.jpeg
page_245_img_0_0.jpeg
page_224_img_0_0.jpeg
page_246_img_0_0.jpeg
page_208_img_0_0.jpeg
page_209_img_0_0.jpeg"
Q69,Remote Control 모듈의 필수 설정에서는 원격 제어를 위해 어떤 항목들을 설정해야 합니까?,page_251_img_2_0.jpeg,8,"page_256_img_0_0.jpeg
page_249_img_0_0.jpeg
page_249_img_2_0.jpeg
page_252_img_0_0.jpeg
page_257_img_0_0.jpeg
page_252_img_2_0.jpeg
page_258_img_0_0.jpeg
page_251_img_2_0.jpeg
page_251_img_1_0.jpeg
page_254_img_0_0.jpeg",1,"page_251_img_2_0.jpeg
page_252_img_0_0.jpeg
page_252_img_2_0.jpeg
page_256_img_0_0.jpeg
page_249_img_0_0.jpeg
page_249_img_2_0.jpeg
page_257_img_0_0.jpeg
page_259_img_1_0.jpeg
page_258_img_0_0.jpeg
page_251_img_1_0.jpeg"
Q70,I/O Overview에서 제어기 디지털 입력이 High 신호일 때와 Low 신호일 때 아이콘 색상은 각각 어떻게 표시됩니까?,page_336_img_0_0.jpeg,1,"page_336_img_0_0.jpeg
page_333_img_0_0.jpeg
page_139_img_0_0.jpeg
page_142_img_0_0.jpeg
page_142_img_1_0.jpeg
page_144_img_0_0.jpeg
page_335_img_1_0.jpeg
page_144_img_1_0.jpeg
page_335_img_2_0.jpeg
page_334_img_0_0.jpeg",1,"page_336_img_0_0.jpeg
page_334_img_0_0.jpeg
page_333_img_0_0.jpeg
page_139_img_0_0.jpeg
page_140_img_0_0.jpeg
page_142_img_0_0.jpeg
page_142_img_1_0.jpeg
page_144_img_0_0.jpeg
page_144_img_1_0.jpeg
page_335_img_1_0.jpeg"
