rank,config_json,Image Recall@1,Image Recall@5,Image Recall@10,Image MRR
1,"{""bbox_weight"": 1.0, ""semantic_mode"": ""relative_softmax"", ""siglip_weight"": 0.0, ""source_coefficient"": 0.0, ""weights"": [0.362569, 0.49656, 0.047818, 0.02819, 0.064863]}",0.5,0.7428571428571429,0.8,0.5922789115646259
2,"{""bbox_weight"": 0.9, ""semantic_mode"": ""relative_softmax"", ""siglip_weight"": 0.1, ""source_coefficient"": 0.0, ""weights"": [0.346572, 0.238582, 0.322453, 0.043833, 0.04856]}",0.4714285714285714,0.7571428571428571,0.8142857142857143,0.5855555555555556
3,"{""bbox_weight"": 1.0, ""semantic_mode"": ""relative_softmax"", ""siglip_weight"": 0.0, ""source_coefficient"": 0.01, ""weights"": [0.362569, 0.49656, 0.047818, 0.02819, 0.064863]}",0.4857142857142857,0.7428571428571429,0.8,0.5851360544217687
4,"{""bbox_weight"": 0.7, ""semantic_mode"": ""relative_softmax"", ""siglip_weight"": 0.3, ""source_coefficient"": 0.0, ""weights"": [0.299709, 0.303656, 0.304335, 0.071107, 0.021193]}",0.4714285714285714,0.7571428571428571,0.8142857142857143,0.584342403628118
5,"{""bbox_weight"": 0.5, ""semantic_mode"": ""relative_softmax"", ""siglip_weight"": 0.5, ""source_coefficient"": 0.02, ""weights"": [0.346572, 0.238582, 0.322453, 0.043833, 0.04856]}",0.45714285714285713,0.7571428571428571,0.8142857142857143,0.5814852607709751
6,"{""bbox_weight"": 0.4, ""semantic_mode"": ""relative_softmax"", ""siglip_weight"": 0.6, ""source_coefficient"": 0.0, ""weights"": [0.0, 1.0, 0.0, 0.0, 0.0]}",0.45714285714285713,0.7428571428571429,0.8142857142857143,0.5808843537414966
7,"{""bbox_weight"": 0.5, ""semantic_mode"": ""relative_softmax"", ""siglip_weight"": 0.5, ""source_coefficient"": 0.0, ""weights"": [0.0, 1.0, 0.0, 0.0, 0.0]}",0.45714285714285713,0.7428571428571429,0.8142857142857143,0.5808843537414966
8,"{""bbox_weight"": 0.6, ""semantic_mode"": ""relative_softmax"", ""siglip_weight"": 0.4, ""source_coefficient"": 0.0, ""weights"": [0.0, 1.0, 0.0, 0.0, 0.0]}",0.45714285714285713,0.7428571428571429,0.8142857142857143,0.5808843537414966
9,"{""bbox_weight"": 0.7, ""semantic_mode"": ""relative_softmax"", ""siglip_weight"": 0.3, ""source_coefficient"": 0.0, ""weights"": [0.0, 1.0, 0.0, 0.0, 0.0]}",0.45714285714285713,0.7428571428571429,0.8142857142857143,0.5808843537414966
10,"{""bbox_weight"": 1.0, ""semantic_mode"": ""relative_softmax"", ""siglip_weight"": 0.0, ""source_coefficient"": 0.0, ""weights"": [0.346572, 0.238582, 0.322453, 0.043833, 0.04856]}",0.4714285714285714,0.7571428571428571,0.8142857142857143,0.5807936507936509
11,"{""bbox_weight"": 0.3, ""semantic_mode"": ""relative_softmax"", ""siglip_weight"": 0.7, ""source_coefficient"": 0.0, ""weights"": [0.0, 1.0, 0.0, 0.0, 0.0]}",0.45714285714285713,0.7428571428571429,0.8142857142857143,0.5796938775510204
12,"{""bbox_weight"": 0.5, ""semantic_mode"": ""relative_softmax"", ""siglip_weight"": 0.5, ""source_coefficient"": 0.0, ""weights"": [0.346572, 0.238582, 0.322453, 0.043833, 0.04856]}",0.45714285714285713,0.7571428571428571,0.8285714285714286,0.5795011337868482
13,"{""bbox_weight"": 0.5, ""semantic_mode"": ""relative_softmax"", ""siglip_weight"": 0.5, ""source_coefficient"": 0.01, ""weights"": [0.346572, 0.238582, 0.322453, 0.043833, 0.04856]}",0.45714285714285713,0.7571428571428571,0.8285714285714286,0.5795011337868482
14,"{""bbox_weight"": 0.9, ""semantic_mode"": ""robust_cosine"", ""siglip_weight"": 0.1, ""source_coefficient"": 0.0, ""weights"": [0.346572, 0.238582, 0.322453, 0.043833, 0.04856]}",0.4714285714285714,0.7571428571428571,0.8285714285714286,0.5793650793650794
15,"{""bbox_weight"": 0.9, ""semantic_mode"": ""relative_softmax"", ""siglip_weight"": 0.1, ""source_coefficient"": 0.0, ""weights"": [0.362569, 0.49656, 0.047818, 0.02819, 0.064863]}",0.4714285714285714,0.7428571428571429,0.8,0.5791836734693878
16,"{""bbox_weight"": 0.5, ""semantic_mode"": ""relative_softmax"", ""siglip_weight"": 0.5, ""source_coefficient"": 0.0, ""weights"": [0.42859, 0.158614, 0.243567, 0.075825, 0.093404]}",0.4714285714285714,0.7428571428571429,0.8285714285714286,0.5791043083900226
17,"{""bbox_weight"": 0.6, ""semantic_mode"": ""relative_softmax"", ""siglip_weight"": 0.4, ""source_coefficient"": 0.0, ""weights"": [0.42859, 0.158614, 0.243567, 0.075825, 0.093404]}",0.4714285714285714,0.7428571428571429,0.8285714285714286,0.5788492063492063
18,"{""bbox_weight"": 1.0, ""semantic_mode"": ""relative_softmax"", ""siglip_weight"": 0.0, ""source_coefficient"": 0.02, ""weights"": [0.362569, 0.49656, 0.047818, 0.02819, 0.064863]}",0.4714285714285714,0.7428571428571429,0.8,0.5779931972789115
19,"{""bbox_weight"": 1.0, ""semantic_mode"": ""robust_cosine"", ""siglip_weight"": 0.0, ""source_coefficient"": 0.0, ""weights"": [0.346572, 0.238582, 0.322453, 0.043833, 0.04856]}",0.4714285714285714,0.7571428571428571,0.8428571428571429,0.5772222222222223
20,"{""bbox_weight"": 0.7, ""semantic_mode"": ""relative_softmax"", ""siglip_weight"": 0.3, ""source_coefficient"": 0.01, ""weights"": [0.299709, 0.303656, 0.304335, 0.071107, 0.021193]}",0.45714285714285713,0.7571428571428571,0.8142857142857143,0.5771995464852608
21,"{""bbox_weight"": 0.8, ""semantic_mode"": ""relative_softmax"", ""siglip_weight"": 0.2, ""source_coefficient"": 0.0, ""weights"": [0.346572, 0.238582, 0.322453, 0.043833, 0.04856]}",0.45714285714285713,0.7571428571428571,0.8142857142857143,0.5767460317460317
22,"{""bbox_weight"": 0.7, ""semantic_mode"": ""relative_softmax"", ""siglip_weight"": 0.3, ""source_coefficient"": 0.0, ""weights"": [0.362569, 0.49656, 0.047818, 0.02819, 0.064863]}",0.45714285714285713,0.7571428571428571,0.8142857142857143,0.5760884353741497
23,"{""bbox_weight"": 0.7, ""semantic_mode"": ""relative_softmax"", ""siglip_weight"": 0.3, ""source_coefficient"": 0.01, ""weights"": [0.362569, 0.49656, 0.047818, 0.02819, 0.064863]}",0.45714285714285713,0.7571428571428571,0.8142857142857143,0.5760884353741497
24,"{""bbox_weight"": 0.5, ""semantic_mode"": ""relative_softmax"", ""siglip_weight"": 0.5, ""source_coefficient"": 0.0, ""weights"": [0.530855, 0.153755, 0.175801, 0.049794, 0.089795]}",0.45714285714285713,0.7428571428571429,0.8285714285714286,0.5760884353741497
25,"{""bbox_weight"": 0.0, ""semantic_mode"": ""relative_softmax"", ""siglip_weight"": 1.0, ""source_coefficient"": 0.0, ""weights"": [0.0, 1.0, 0.0, 0.0, 0.0]}",0.45714285714285713,0.7428571428571429,0.8142857142857143,0.5751530612244897
26,"{""bbox_weight"": 0.1, ""semantic_mode"": ""relative_softmax"", ""siglip_weight"": 0.9, ""source_coefficient"": 0.0, ""weights"": [0.0, 1.0, 0.0, 0.0, 0.0]}",0.45714285714285713,0.7428571428571429,0.8142857142857143,0.5751530612244897
27,"{""bbox_weight"": 0.5, ""semantic_mode"": ""relative_softmax"", ""siglip_weight"": 0.5, ""source_coefficient"": 0.01, ""weights"": [0.530855, 0.153755, 0.175801, 0.049794, 0.089795]}",0.45714285714285713,0.7428571428571429,0.8142857142857143,0.5748809523809524
28,"{""bbox_weight"": 0.2, ""semantic_mode"": ""robust_cosine"", ""siglip_weight"": 0.8, ""source_coefficient"": 0.01, ""weights"": [0.59991, 0.107043, 0.165467, 0.033225, 0.094356]}",0.45714285714285713,0.7571428571428571,0.8571428571428571,0.5744784580498866
29,"{""bbox_weight"": 0.6, ""semantic_mode"": ""relative_softmax"", ""siglip_weight"": 0.4, ""source_coefficient"": 0.0, ""weights"": [0.73714, 0.10831, 0.027617, 0.077961, 0.048972]}",0.4714285714285714,0.7142857142857143,0.8,0.5744784580498866
30,"{""bbox_weight"": 0.5, ""semantic_mode"": ""relative_softmax"", ""siglip_weight"": 0.5, ""source_coefficient"": 0.0, ""weights"": [0.5, 0.15, 0.2, 0.1, 0.05]}",0.4714285714285714,0.7428571428571429,0.8,0.5741836734693878
31,"{""bbox_weight"": 0.4, ""semantic_mode"": ""relative_softmax"", ""siglip_weight"": 0.6, ""source_coefficient"": 0.02, ""weights"": [0.346572, 0.238582, 0.322453, 0.043833, 0.04856]}",0.44285714285714284,0.7714285714285715,0.8142857142857143,0.5738265306122449
32,"{""bbox_weight"": 0.8, ""semantic_mode"": ""relative_softmax"", ""siglip_weight"": 0.2, ""source_coefficient"": 0.0, ""weights"": [0.0, 1.0, 0.0, 0.0, 0.0]}",0.45714285714285713,0.7285714285714285,0.8,0.5737414965986395
33,"{""bbox_weight"": 0.9, ""semantic_mode"": ""relative_softmax"", ""siglip_weight"": 0.1, ""source_coefficient"": 0.0, ""weights"": [0.0, 1.0, 0.0, 0.0, 0.0]}",0.45714285714285713,0.7285714285714285,0.8,0.5737414965986395
34,"{""bbox_weight"": 0.2, ""semantic_mode"": ""robust_cosine"", ""siglip_weight"": 0.8, ""source_coefficient"": 0.0, ""weights"": [0.0, 1.0, 0.0, 0.0, 0.0]}",0.44285714285714284,0.7571428571428571,0.8285714285714286,0.5737244897959184
35,"{""bbox_weight"": 0.5, ""semantic_mode"": ""relative_softmax"", ""siglip_weight"": 0.5, ""source_coefficient"": 0.0, ""weights"": [0.157474, 0.412768, 0.303335, 0.07103, 0.055394]}",0.44285714285714284,0.7714285714285715,0.8142857142857143,0.5737074829931974
36,"{""bbox_weight"": 0.4, ""semantic_mode"": ""relative_softmax"", ""siglip_weight"": 0.6, ""source_coefficient"": 0.01, ""weights"": [0.42, 0.18, 0.28, 0.09, 0.03]}",0.45714285714285713,0.7714285714285715,0.8142857142857143,0.5735884353741497
37,"{""bbox_weight"": 0.6, ""semantic_mode"": ""relative_softmax"", ""siglip_weight"": 0.4, ""source_coefficient"": 0.01, ""weights"": [0.42859, 0.158614, 0.243567, 0.075825, 0.093404]}",0.45714285714285713,0.7285714285714285,0.8285714285714286,0.573452380952381
38,"{""bbox_weight"": 0.7, ""semantic_mode"": ""relative_softmax"", ""siglip_weight"": 0.3, ""source_coefficient"": 0.01, ""weights"": [0.42, 0.18, 0.28, 0.09, 0.03]}",0.4714285714285714,0.7571428571428571,0.8285714285714286,0.573373015873016
39,"{""bbox_weight"": 0.1, ""semantic_mode"": ""robust_cosine"", ""siglip_weight"": 0.9, ""source_coefficient"": 0.0, ""weights"": [0.59991, 0.107043, 0.165467, 0.033225, 0.094356]}",0.45714285714285713,0.7571428571428571,0.8571428571428571,0.573373015873016
40,"{""bbox_weight"": 0.7, ""semantic_mode"": ""relative_softmax"", ""siglip_weight"": 0.3, ""source_coefficient"": 0.02, ""weights"": [0.299709, 0.303656, 0.304335, 0.071107, 0.021193]}",0.44285714285714284,0.7571428571428571,0.8142857142857143,0.573373015873016
41,"{""bbox_weight"": 0.5, ""semantic_mode"": ""relative_softmax"", ""siglip_weight"": 0.5, ""source_coefficient"": 0.02, ""weights"": [0.299709, 0.303656, 0.304335, 0.071107, 0.021193]}",0.44285714285714284,0.7571428571428571,0.8142857142857143,0.5731519274376418
42,"{""bbox_weight"": 0.5, ""semantic_mode"": ""relative_softmax"", ""siglip_weight"": 0.5, ""source_coefficient"": 0.01, ""weights"": [0.42859, 0.158614, 0.243567, 0.075825, 0.093404]}",0.45714285714285713,0.7285714285714285,0.8285714285714286,0.5726757369614512
43,"{""bbox_weight"": 0.4, ""semantic_mode"": ""relative_softmax"", ""siglip_weight"": 0.6, ""source_coefficient"": 0.0, ""weights"": [0.42, 0.18, 0.28, 0.09, 0.03]}",0.45714285714285713,0.7714285714285715,0.8285714285714286,0.5726360544217688
44,"{""bbox_weight"": 0.2, ""semantic_mode"": ""relative_softmax"", ""siglip_weight"": 0.8, ""source_coefficient"": 0.0, ""weights"": [0.0, 1.0, 0.0, 0.0, 0.0]}",0.45714285714285713,0.7285714285714285,0.8,0.5725510204081633
45,"{""bbox_weight"": 1.0, ""semantic_mode"": ""relative_softmax"", ""siglip_weight"": 0.0, ""source_coefficient"": 0.0, ""weights"": [0.0, 1.0, 0.0, 0.0, 0.0]}",0.45714285714285713,0.7285714285714285,0.8,0.5725510204081633
46,"{""bbox_weight"": 0.6, ""semantic_mode"": ""relative_softmax"", ""siglip_weight"": 0.4, ""source_coefficient"": 0.0, ""weights"": [0.157474, 0.412768, 0.303335, 0.07103, 0.055394]}",0.44285714285714284,0.7714285714285715,0.8142857142857143,0.5725170068027211
47,"{""bbox_weight"": 0.5, ""semantic_mode"": ""relative_softmax"", ""siglip_weight"": 0.5, ""source_coefficient"": 0.0, ""weights"": [0.362569, 0.49656, 0.047818, 0.02819, 0.064863]}",0.45714285714285713,0.7571428571428571,0.8142857142857143,0.5725170068027211
48,"{""bbox_weight"": 0.6, ""semantic_mode"": ""relative_softmax"", ""siglip_weight"": 0.4, ""source_coefficient"": 0.0, ""weights"": [0.362569, 0.49656, 0.047818, 0.02819, 0.064863]}",0.45714285714285713,0.7571428571428571,0.8142857142857143,0.5725170068027211
49,"{""bbox_weight"": 0.9, ""semantic_mode"": ""relative_softmax"", ""siglip_weight"": 0.1, ""source_coefficient"": 0.0, ""weights"": [0.211461, 0.37966, 0.254116, 0.027368, 0.127395]}",0.45714285714285713,0.7428571428571429,0.8,0.5722619047619049
50,"{""bbox_weight"": 0.9, ""semantic_mode"": ""relative_softmax"", ""siglip_weight"": 0.1, ""source_coefficient"": 0.01, ""weights"": [0.211461, 0.37966, 0.254116, 0.027368, 0.127395]}",0.45714285714285713,0.7428571428571429,0.8,0.5722619047619049
51,"{""bbox_weight"": 0.4, ""semantic_mode"": ""relative_softmax"", ""siglip_weight"": 0.6, ""source_coefficient"": 0.0, ""weights"": [0.346572, 0.238582, 0.322453, 0.043833, 0.04856]}",0.44285714285714284,0.7714285714285715,0.8285714285714286,0.5721825396825396
52,"{""bbox_weight"": 0.5, ""semantic_mode"": ""relative_softmax"", ""siglip_weight"": 0.5, ""source_coefficient"": 0.02, ""weights"": [0.157474, 0.412768, 0.303335, 0.07103, 0.055394]}",0.44285714285714284,0.7571428571428571,0.8142857142857143,0.5721768707482994
53,"{""bbox_weight"": 0.9, ""semantic_mode"": ""relative_softmax"", ""siglip_weight"": 0.1, ""source_coefficient"": 0.01, ""weights"": [0.362569, 0.49656, 0.047818, 0.02819, 0.064863]}",0.45714285714285713,0.7428571428571429,0.8,0.5720408163265306
54,"{""bbox_weight"": 0.5, ""semantic_mode"": ""relative_softmax"", ""siglip_weight"": 0.5, ""source_coefficient"": 0.0, ""weights"": [0.299709, 0.303656, 0.304335, 0.071107, 0.021193]}",0.44285714285714284,0.7571428571428571,0.8142857142857143,0.5719614512471655
55,"{""bbox_weight"": 0.5, ""semantic_mode"": ""relative_softmax"", ""siglip_weight"": 0.5, ""source_coefficient"": 0.01, ""weights"": [0.299709, 0.303656, 0.304335, 0.071107, 0.021193]}",0.44285714285714284,0.7571428571428571,0.8142857142857143,0.5719614512471655
56,"{""bbox_weight"": 0.6, ""semantic_mode"": ""relative_softmax"", ""siglip_weight"": 0.4, ""source_coefficient"": 0.02, ""weights"": [0.299709, 0.303656, 0.304335, 0.071107, 0.021193]}",0.44285714285714284,0.7571428571428571,0.8142857142857143,0.5719614512471655
57,"{""bbox_weight"": 0.5, ""semantic_mode"": ""relative_softmax"", ""siglip_weight"": 0.5, ""source_coefficient"": 0.02, ""weights"": [0.42859, 0.158614, 0.243567, 0.075825, 0.093404]}",0.45714285714285713,0.7285714285714285,0.8142857142857143,0.5718253968253969
58,"{""bbox_weight"": 0.4, ""semantic_mode"": ""relative_softmax"", ""siglip_weight"": 0.6, ""source_coefficient"": 0.01, ""weights"": [0.346572, 0.238582, 0.322453, 0.043833, 0.04856]}",0.44285714285714284,0.7714285714285715,0.8285714285714286,0.5716836734693878
59,"{""bbox_weight"": 0.6, ""semantic_mode"": ""relative_softmax"", ""siglip_weight"": 0.4, ""source_coefficient"": 0.0, ""weights"": [0.182689, 0.475855, 0.175228, 0.063474, 0.102754]}",0.44285714285714284,0.7571428571428571,0.8142857142857143,0.5716666666666665
60,"{""bbox_weight"": 0.8, ""semantic_mode"": ""robust_cosine"", ""siglip_weight"": 0.2, ""source_coefficient"": 0.0, ""weights"": [0.346572, 0.238582, 0.322453, 0.043833, 0.04856]}",0.45714285714285713,0.7571428571428571,0.8285714285714286,0.5715079365079365
61,"{""bbox_weight"": 0.8, ""semantic_mode"": ""relative_softmax"", ""siglip_weight"": 0.2, ""source_coefficient"": 0.0, ""weights"": [0.362569, 0.49656, 0.047818, 0.02819, 0.064863]}",0.45714285714285713,0.7428571428571429,0.8,0.5713265306122449
62,"{""bbox_weight"": 0.9, ""semantic_mode"": ""relative_softmax"", ""siglip_weight"": 0.1, ""source_coefficient"": 0.01, ""weights"": [0.346572, 0.238582, 0.322453, 0.043833, 0.04856]}",0.44285714285714284,0.7571428571428571,0.8142857142857143,0.5712698412698414
63,"{""bbox_weight"": 0.6, ""semantic_mode"": ""relative_softmax"", ""siglip_weight"": 0.4, ""source_coefficient"": 0.0, ""weights"": [0.346572, 0.238582, 0.322453, 0.043833, 0.04856]}",0.44285714285714284,0.7571428571428571,0.8285714285714286,0.5711678004535148
64,"{""bbox_weight"": 0.6, ""semantic_mode"": ""relative_softmax"", ""siglip_weight"": 0.4, ""source_coefficient"": 0.01, ""weights"": [0.346572, 0.238582, 0.322453, 0.043833, 0.04856]}",0.44285714285714284,0.7571428571428571,0.8285714285714286,0.5711678004535148
65,"{""bbox_weight"": 0.2, ""semantic_mode"": ""robust_cosine"", ""siglip_weight"": 0.8, ""source_coefficient"": 0.0, ""weights"": [0.59991, 0.107043, 0.165467, 0.033225, 0.094356]}",0.45714285714285713,0.7571428571428571,0.8571428571428571,0.5709920634920636
66,"{""bbox_weight"": 0.6, ""semantic_mode"": ""relative_softmax"", ""siglip_weight"": 0.4, ""source_coefficient"": 0.02, ""weights"": [0.157474, 0.412768, 0.303335, 0.07103, 0.055394]}",0.44285714285714284,0.7571428571428571,0.8142857142857143,0.5709863945578232
67,"{""bbox_weight"": 0.7, ""semantic_mode"": ""relative_softmax"", ""siglip_weight"": 0.3, ""source_coefficient"": 0.0, ""weights"": [0.182689, 0.475855, 0.175228, 0.063474, 0.102754]}",0.44285714285714284,0.7571428571428571,0.8142857142857143,0.5709523809523809
68,"{""bbox_weight"": 0.9, ""semantic_mode"": ""relative_softmax"", ""siglip_weight"": 0.1, ""source_coefficient"": 0.02, ""weights"": [0.346572, 0.238582, 0.322453, 0.043833, 0.04856]}",0.44285714285714284,0.7571428571428571,0.8,0.570873015873016
69,"{""bbox_weight"": 0.6, ""semantic_mode"": ""relative_softmax"", ""siglip_weight"": 0.4, ""source_coefficient"": 0.0, ""weights"": [0.299709, 0.303656, 0.304335, 0.071107, 0.021193]}",0.44285714285714284,0.7571428571428571,0.8142857142857143,0.5707709750566894
70,"{""bbox_weight"": 0.4, ""semantic_mode"": ""relative_softmax"", ""siglip_weight"": 0.6, ""source_coefficient"": 0.01, ""weights"": [0.530855, 0.153755, 0.175801, 0.049794, 0.089795]}",0.45714285714285713,0.7428571428571429,0.8142857142857143,0.5705328798185941
71,"{""bbox_weight"": 0.4, ""semantic_mode"": ""relative_softmax"", ""siglip_weight"": 0.6, ""source_coefficient"": 0.0, ""weights"": [0.157474, 0.412768, 0.303335, 0.07103, 0.055394]}",0.42857142857142855,0.7714285714285715,0.8142857142857143,0.5704761904761906
72,"{""bbox_weight"": 0.7, ""semantic_mode"": ""relative_softmax"", ""siglip_weight"": 0.3, ""source_coefficient"": 0.0, ""weights"": [0.346572, 0.238582, 0.322453, 0.043833, 0.04856]}",0.44285714285714284,0.7571428571428571,0.8285714285714286,0.570453514739229
73,"{""bbox_weight"": 0.7, ""semantic_mode"": ""relative_softmax"", ""siglip_weight"": 0.3, ""source_coefficient"": 0.01, ""weights"": [0.346572, 0.238582, 0.322453, 0.043833, 0.04856]}",0.44285714285714284,0.7571428571428571,0.8285714285714286,0.570453514739229
74,"{""bbox_weight"": 0.9, ""semantic_mode"": ""relative_softmax"", ""siglip_weight"": 0.1, ""source_coefficient"": 0.0, ""weights"": [0.157474, 0.412768, 0.303335, 0.07103, 0.055394]}",0.45714285714285713,0.7285714285714285,0.8,0.5703968253968252
75,"{""bbox_weight"": 0.4, ""semantic_mode"": ""relative_softmax"", ""siglip_weight"": 0.6, ""source_coefficient"": 0.0, ""weights"": [0.530855, 0.153755, 0.175801, 0.049794, 0.089795]}",0.45714285714285713,0.7428571428571429,0.8142857142857143,0.5700566893424037
76,"{""bbox_weight"": 0.6, ""semantic_mode"": ""relative_softmax"", ""siglip_weight"": 0.4, ""source_coefficient"": 0.01, ""weights"": [0.42, 0.18, 0.28, 0.09, 0.03]}",0.45714285714285713,0.7571428571428571,0.8285714285714286,0.5698015873015875
77,"{""bbox_weight"": 0.1, ""semantic_mode"": ""robust_cosine"", ""siglip_weight"": 0.9, ""source_coefficient"": 0.01, ""weights"": [0.59991, 0.107043, 0.165467, 0.033225, 0.094356]}",0.44285714285714284,0.7571428571428571,0.8571428571428571,0.5697165532879819
78,"{""bbox_weight"": 0.9, ""semantic_mode"": ""relative_softmax"", ""siglip_weight"": 0.1, ""source_coefficient"": 0.01, ""weights"": [0.157474, 0.412768, 0.303335, 0.07103, 0.055394]}",0.45714285714285713,0.7428571428571429,0.8,0.5696825396825396
79,"{""bbox_weight"": 0.8, ""semantic_mode"": ""relative_softmax"", ""siglip_weight"": 0.2, ""source_coefficient"": 0.01, ""weights"": [0.346572, 0.238582, 0.322453, 0.043833, 0.04856]}",0.44285714285714284,0.7571428571428571,0.8142857142857143,0.5696031746031746
80,"{""bbox_weight"": 0.3, ""semantic_mode"": ""relative_softmax"", ""siglip_weight"": 0.7, ""source_coefficient"": 0.01, ""weights"": [0.59991, 0.107043, 0.165467, 0.033225, 0.094356]}",0.45714285714285713,0.7571428571428571,0.8285714285714286,0.5695578231292517
81,"{""bbox_weight"": 0.6, ""semantic_mode"": ""relative_softmax"", ""siglip_weight"": 0.4, ""source_coefficient"": 0.0, ""weights"": [0.530855, 0.153755, 0.175801, 0.049794, 0.089795]}",0.44285714285714284,0.7428571428571429,0.8285714285714286,0.569421768707483
82,"{""bbox_weight"": 1.0, ""semantic_mode"": ""relative_softmax"", ""siglip_weight"": 0.0, ""source_coefficient"": 0.0, ""weights"": [0.211461, 0.37966, 0.254116, 0.027368, 0.127395]}",0.45714285714285713,0.7285714285714285,0.8,0.569404761904762
83,"{""bbox_weight"": 1.0, ""semantic_mode"": ""relative_softmax"", ""siglip_weight"": 0.0, ""source_coefficient"": 0.01, ""weights"": [0.211461, 0.37966, 0.254116, 0.027368, 0.127395]}",0.45714285714285713,0.7285714285714285,0.8,0.569404761904762
84,"{""bbox_weight"": 0.8, ""semantic_mode"": ""relative_softmax"", ""siglip_weight"": 0.2, ""source_coefficient"": 0.0, ""weights"": [0.299709, 0.303656, 0.304335, 0.071107, 0.021193]}",0.45714285714285713,0.7571428571428571,0.8,0.5692063492063493
85,"{""bbox_weight"": 0.8, ""semantic_mode"": ""relative_softmax"", ""siglip_weight"": 0.2, ""source_coefficient"": 0.01, ""weights"": [0.299709, 0.303656, 0.304335, 0.071107, 0.021193]}",0.45714285714285713,0.7571428571428571,0.8,0.5692063492063493
86,"{""bbox_weight"": 0.7, ""semantic_mode"": ""robust_cosine"", ""siglip_weight"": 0.3, ""source_coefficient"": 0.0, ""weights"": [0.346572, 0.238582, 0.322453, 0.043833, 0.04856]}",0.45714285714285713,0.7571428571428571,0.8285714285714286,0.5691269841269841
87,"{""bbox_weight"": 0.5, ""semantic_mode"": ""relative_softmax"", ""siglip_weight"": 0.5, ""source_coefficient"": 0.01, ""weights"": [0.5, 0.15, 0.2, 0.1, 0.05]}",0.45714285714285713,0.7428571428571429,0.8,0.5688095238095239
88,"{""bbox_weight"": 0.6, ""semantic_mode"": ""relative_softmax"", ""siglip_weight"": 0.4, ""source_coefficient"": 0.0, ""weights"": [0.42, 0.18, 0.28, 0.09, 0.03]}",0.45714285714285713,0.7571428571428571,0.8285714285714286,0.5682936507936508
89,"{""bbox_weight"": 0.5, ""semantic_mode"": ""relative_softmax"", ""siglip_weight"": 0.5, ""source_coefficient"": 0.02, ""weights"": [0.240386, 0.196848, 0.401407, 0.080365, 0.080995]}",0.44285714285714284,0.7571428571428571,0.8285714285714286,0.5682936507936508
90,"{""bbox_weight"": 0.6, ""semantic_mode"": ""relative_softmax"", ""siglip_weight"": 0.4, ""source_coefficient"": 0.02, ""weights"": [0.42, 0.18, 0.28, 0.09, 0.03]}",0.45714285714285713,0.7571428571428571,0.8142857142857143,0.5681746031746032
91,"{""bbox_weight"": 0.7, ""semantic_mode"": ""relative_softmax"", ""siglip_weight"": 0.3, ""source_coefficient"": 0.02, ""weights"": [0.182689, 0.475855, 0.175228, 0.063474, 0.102754]}",0.44285714285714284,0.7428571428571429,0.8142857142857143,0.5680952380952381
92,"{""bbox_weight"": 0.5, ""semantic_mode"": ""robust_cosine"", ""siglip_weight"": 0.5, ""source_coefficient"": 0.0, ""weights"": [0.362569, 0.49656, 0.047818, 0.02819, 0.064863]}",0.44285714285714284,0.7428571428571429,0.8142857142857143,0.5678571428571428
93,"{""bbox_weight"": 0.3, ""semantic_mode"": ""robust_cosine"", ""siglip_weight"": 0.7, ""source_coefficient"": 0.0, ""weights"": [0.0, 1.0, 0.0, 0.0, 0.0]}",0.42857142857142855,0.7571428571428571,0.8285714285714286,0.5677721088435375
94,"{""bbox_weight"": 0.7, ""semantic_mode"": ""relative_softmax"", ""siglip_weight"": 0.3, ""source_coefficient"": 0.0, ""weights"": [0.234506, 0.220728, 0.363935, 0.062191, 0.11864]}",0.45714285714285713,0.7428571428571429,0.8285714285714286,0.5677324263038549
95,"{""bbox_weight"": 0.4, ""semantic_mode"": ""relative_softmax"", ""siglip_weight"": 0.6, ""source_coefficient"": 0.02, ""weights"": [0.362569, 0.49656, 0.047818, 0.02819, 0.064863]}",0.44285714285714284,0.7571428571428571,0.8142857142857143,0.5676190476190476
96,"{""bbox_weight"": 0.5, ""semantic_mode"": ""relative_softmax"", ""siglip_weight"": 0.5, ""source_coefficient"": 0.02, ""weights"": [0.530855, 0.153755, 0.175801, 0.049794, 0.089795]}",0.44285714285714284,0.7428571428571429,0.8142857142857143,0.5675396825396826
97,"{""bbox_weight"": 0.3, ""semantic_mode"": ""robust_cosine"", ""siglip_weight"": 0.7, ""source_coefficient"": 0.01, ""weights"": [0.59991, 0.107043, 0.165467, 0.033225, 0.094356]}",0.44285714285714284,0.7571428571428571,0.8571428571428571,0.5673356009070295
98,"{""bbox_weight"": 1.0, ""semantic_mode"": ""robust_cosine"", ""siglip_weight"": 0.0, ""source_coefficient"": 0.0, ""weights"": [0.362569, 0.49656, 0.047818, 0.02819, 0.064863]}",0.45714285714285713,0.7428571428571429,0.8142857142857143,0.566859410430839
99,"{""bbox_weight"": 0.6, ""semantic_mode"": ""relative_softmax"", ""siglip_weight"": 0.4, ""source_coefficient"": 0.0, ""weights"": [0.652522, 0.065987, 0.084914, 0.088931, 0.107646]}",0.45714285714285713,0.7,0.8142857142857143,0.566780045351474
100,"{""bbox_weight"": 0.7, ""semantic_mode"": ""relative_softmax"", ""siglip_weight"": 0.3, ""source_coefficient"": 0.01, ""weights"": [0.182689, 0.475855, 0.175228, 0.063474, 0.102754]}",0.44285714285714284,0.7571428571428571,0.8142857142857143,0.5666666666666667
