질문 번호,구분,질문,정답 실습 단계,예측 실습 단계,G4 적용 단계,분류 점수,분류 margin,G4 적용,정답 텍스트,G3 텍스트 정답 순위,G4 텍스트 정답 순위,G4 텍스트 평가,G4 텍스트 평가 근거,정답 이미지,G3 이미지 정답 순위,G4 이미지 정답 순위,G4 이미지 평가,G4 검색 이미지 Top-10
Q01,기존,로봇 케이블을 임의로 개조하거나 연장할 경우 발생할 수 있는 가장 큰 위험 두 가지는 무엇입니까?,안전/전원/케이블,설치/케이블 노이즈 대책,,0.5419,0.0279,X,화재가 발생하거나 컨트롤러가 고장 날 수 있음,2,2,O,"keyword:발생,컨트롤러,고장",page_403_img_0_0.jpeg,1,1,O,"1. page_403_img_0_0.jpeg | score=0.732 | stage=0.000
2. page_48_img_0_0.jpeg | score=0.696 | stage=0.000
3. page_116_img_0_0.jpeg | score=0.628 | stage=0.000
4. page_104_img_0_0.jpeg | score=0.593 | stage=0.000
5. page_98_img_0_0.jpeg | score=0.591 | stage=0.000
6. page_98_img_1_0.jpeg | score=0.590 | stage=0.000
7. page_174_img_1_0.jpeg | score=0.515 | stage=0.000
8. page_105_img_0_0.jpeg | score=0.514 | stage=0.000
9. page_402_img_0_0.jpeg | score=0.500 | stage=0.000
10. page_402_img_1_0.jpeg | score=0.500 | stage=0.000"
Q02,기존,제어기의 전원 공급을 위해 시스템에서 반드시 갖추어야 하는 최소 요구 조건(안전 장치)은 무엇입니까?,안전/전원/접지,안전/전원/접지,안전/전원/접지,0.5485,0.0502,O,접지와 누전차단기,1,1,O,"keyword:접지와,접지,누전차단기; semantic_rank:8",page_403_img_0_0.jpeg,3,1,O,"1. page_403_img_0_0.jpeg | score=1.391 | stage=0.633 | page=1.00; section=cs-12p
2. page_86_img_0_0.jpeg | score=1.359 | stage=0.500 | page=1.00
3. page_121_img_0_0.jpeg | score=1.346 | stage=0.500 | page=1.00
4. page_120_img_0_0.jpeg | score=1.091 | stage=0.500 | page=1.00
5. page_124_img_0_0.jpeg | score=0.958 | stage=0.500 | page=1.00
6. page_402_img_0_0.jpeg | score=0.940 | stage=0.633 | page=1.00; section=cs-12p
7. page_125_img_0_0.jpeg | score=0.939 | stage=0.225 | page=0.45
8. page_402_img_1_0.jpeg | score=0.937 | stage=0.633 | page=1.00; section=cs-12p
9. page_88_img_1_0.jpeg | score=0.930 | stage=0.500 | page=1.00
10. page_85_img_0_0.jpeg | score=0.901 | stage=0.500 | page=1.00"
Q03,기존,로봇 베이스를 바닥에 고정할 때 사용하는 볼트의 권장 규격과 체결 토크는 얼마입니까?,설치/기구 고정,설치/기구 고정,설치/기구 고정,0.6297,0.0768,O,M8 육각 렌치 볼트 / 20Nm 토크 권장,1,1,O,"keyword:m8,볼트,20nm,토크; semantic_rank:4",page_115_img_0_0.jpeg,1,1,O,"1. page_115_img_0_0.jpeg | score=1.383 | stage=0.525 | page=1.00; keyword=m8,20nm
2. page_84_img_0_0.jpeg | score=1.317 | stage=0.500 | page=1.00
3. page_116_img_0_0.jpeg | score=1.284 | stage=0.500 | page=1.00
4. page_85_img_0_0.jpeg | score=1.236 | stage=0.525 | page=1.00; keyword=robot base,base
5. page_114_img_0_0.jpeg | score=1.183 | stage=0.500 | page=1.00
6. page_86_img_0_0.jpeg | score=1.164 | stage=0.500 | page=1.00
7. page_121_img_0_0.jpeg | score=1.042 | stage=0.350 | page=0.70
8. page_83_img_0_0.jpeg | score=0.908 | stage=0.500 | page=1.00
9. page_113_img_0_0.jpeg | score=0.905 | stage=0.350 | page=0.70
10. page_93_img_0_0.jpeg | score=0.858 | stage=0.000"
Q04,기존,외부 비상 정지 스위치를 연결하기 위한 안전용 접점 입력 단자블록의 명칭과 단자는 무엇입니까?,안전 I/O/비상정지 배선,안전 I/O/비상정지 배선,안전 I/O/비상정지 배선,0.5708,0.0351,O,TBSFT 단자블록의 EM 단자,1,1,O,"keyword:tbsft,단자블록,em,단자; semantic_rank:2",page_145_img_0_0.jpeg,1,2,O,"1. page_143_img_1_0.jpeg | score=1.502 | stage=0.838 | page=1.00; keyword=safety i,o,tbsft; section=safety i,o,tbsft
2. page_145_img_0_0.jpeg | score=1.495 | stage=0.738 | page=1.00; keyword=safety i,o,em; section=safety i,o
3. page_143_img_0_0.jpeg | score=1.493 | stage=0.838 | page=1.00; keyword=safety i,o,tbsft; section=safety i,o,tbsft
4. page_147_img_0_0.jpeg | score=1.360 | stage=0.738 | page=1.00; keyword=o,em,emergency stop; section=o,emergency stop
5. page_144_img_0_0.jpeg | score=1.319 | stage=0.725 | page=1.00; keyword=safety i,o; section=safety i,o
6. page_144_img_1_0.jpeg | score=1.312 | stage=0.725 | page=1.00; keyword=safety i,o; section=safety i,o
7. page_148_img_0_0.jpeg | score=1.171 | stage=0.612 | page=1.00; keyword=o; section=o
8. page_142_img_1_0.jpeg | score=1.161 | stage=0.612 | page=1.00; keyword=o; section=o
9. page_142_img_0_0.jpeg | score=1.153 | stage=0.612 | page=1.00; keyword=o; section=o
10. page_133_img_0_0.jpeg | score=0.891 | stage=0.113 | keyword=o; section=o"
Q05,기존,엔드 이펙터(End-effector)를 제어하기 위한 툴 플랜지 커넥터의 전원 출력 핀 번호는 몇 번입니까?,툴 플랜지/I/O 배선,툴 플랜지/I/O 배선,,0.5719,0.0213,X,핀 5번(Power) 및 핀 8번(GND),1,1,O,semantic_rank:8,page_128_img_0_0.jpeg,,,X,"1. page_94_img_0_0.jpeg | score=0.865 | stage=0.000
2. page_127_img_0_0.jpeg | score=0.851 | stage=0.000
3. page_336_img_0_0.jpeg | score=0.808 | stage=0.000
4. page_95_img_0_0.jpeg | score=0.775 | stage=0.000
5. page_130_img_0_0.jpeg | score=0.753 | stage=0.000
6. page_132_img_0_0.png | score=0.736 | stage=0.000
7. page_101_img_0_0.jpeg | score=0.711 | stage=0.000
8. page_93_img_0_0.jpeg | score=0.706 | stage=0.000
9. page_137_img_0_0.jpeg | score=0.670 | stage=0.000
10. page_136_img_0_0.png | score=0.653 | stage=0.000"
Q06,기존,비상 상황 발생 시 즉각적인 조치를 위해 티치 펜던트에 위치한 비상 정지 버튼의 위치는 어디입니까?,티치 펜던트/비상정지,티치 펜던트/비상정지,티치 펜던트/비상정지,0.6561,0.0540,O,티치 펜던트 상단 우측,1,1,O,"keyword:티치,펜던트",page_103_img_0_0.jpeg,10,4,O,"1. page_89_img_1_0.jpeg | score=1.329 | stage=0.500 | page=1.00
2. page_89_img_0_0.jpeg | score=1.304 | stage=0.500 | page=1.00
3. page_88_img_1_0.jpeg | score=1.165 | stage=0.500 | page=1.00
4. page_103_img_0_0.jpeg | score=1.149 | stage=0.500 | page=1.00
5. page_104_img_0_0.jpeg | score=1.096 | stage=0.500 | page=1.00
6. page_88_img_0_0.jpeg | score=1.017 | stage=0.500 | page=1.00
7. page_24_img_0_0.jpeg | score=0.881 | stage=0.000
8. page_220_img_0_0.jpeg | score=0.807 | stage=0.000
9. page_102_img_0_0.jpeg | score=0.777 | stage=0.500 | page=1.00
10. page_163_img_0_0.jpeg | score=0.737 | stage=0.000"
Q07,기존,협동로봇의 직접 교시(Direct Teaching)를 활성화하기 위해 조작기 툴 플랜지에서 눌러야 하는 버튼은 무엇입니까?,직접교시/Cockpit,직접교시/Cockpit,직접교시/Cockpit,0.6446,0.1629,O,Cockpit 버튼,1,1,O,"page; keyword:cockpit,버튼; semantic_rank:7",page_195_img_0_0.jpeg,2,1,O,"1. page_195_img_0_0.jpeg | score=1.304 | stage=0.500 | page=1.00
2. page_195_img_2_0.jpeg | score=1.274 | stage=0.500 | page=1.00
3. page_196_img_0_0.jpeg | score=1.181 | stage=0.500 | page=1.00
4. page_325_img_0_0.jpeg | score=0.944 | stage=0.213 | keyword=cockpit; section=cockpit
5. page_101_img_0_0.jpeg | score=0.892 | stage=0.225 | keyword=cockpit,tool flange; section=cockpit
6. page_324_img_0_0.jpeg | score=0.778 | stage=0.000
7. page_123_img_0_0.jpeg | score=0.732 | stage=0.000
8. page_88_img_1_0.jpeg | score=0.678 | stage=0.000
9. page_103_img_0_0.jpeg | score=0.633 | stage=0.000
10. page_281_img_1_0.jpeg | score=0.581 | stage=0.000"
Q08,기존,제어기의 디지털 입력(Digital Input) 단자에 NPN 타입 센서를 연결할 때 배선은 어떻게 해야 합니까?,제어기 I/O 배선,제어기 I/O 배선,제어기 I/O 배선,0.5917,0.0569,O,24V/12V(VCC)에 PULL-UP 연결,2,1,O,"keyword:24v,vcc,연결; semantic_rank:10",page_138_img_0_0.jpeg,4,3,O,"1. page_140_img_0_0.jpeg | score=1.413 | stage=0.646 | page=1.00; keyword=o; section=o
2. page_138_img_1_0.jpeg | score=1.395 | stage=0.671 | page=1.00; keyword=o,npn,pnp; section=o
3. page_138_img_0_0.jpeg | score=1.392 | stage=0.671 | page=1.00; keyword=o,npn,pnp; section=o
4. page_141_img_1_0.jpeg | score=1.347 | stage=0.683 | page=1.00; keyword=o,vio,gio,tbco; section=o
5. page_142_img_1_0.jpeg | score=1.308 | stage=0.671 | page=1.00; keyword=o,gio,tbco; section=o
6. page_142_img_0_0.jpeg | score=1.300 | stage=0.671 | page=1.00; keyword=o,gio,tbco; section=o
7. page_137_img_0_0.jpeg | score=1.262 | stage=0.525 | page=1.00; keyword=npn,pnp
8. page_132_img_0_0.png | score=1.241 | stage=0.646 | page=1.00; keyword=o; section=o
9. page_130_img_0_0.jpeg | score=1.198 | stage=0.508 | page=0.70; keyword=o,pnp; section=o
10. page_139_img_0_0.jpeg | score=1.196 | stage=0.671 | page=1.00; keyword=o,npn,pnp; section=o"
Q09,기존,안전 I/O(Safety I/O) 포트를 사용하여 펜스나 라이트 커튼을 연결할 때 사용하는 입력 핀 번호는 무엇입니까?,안전 I/O/보호정지 배선,안전 I/O/테스트 펄스,,0.6174,0.0134,X,TBSFT의 PR단자 (보호 정지),1,1,O,"keyword:tbsft,보호,정지",page_145_img_0_0.jpeg,1,1,O,"1. page_145_img_0_0.jpeg | score=0.881 | stage=0.000
2. page_147_img_0_0.jpeg | score=0.843 | stage=0.000
3. page_133_img_0_0.jpeg | score=0.838 | stage=0.000
4. page_143_img_1_0.jpeg | score=0.816 | stage=0.000
5. page_143_img_0_0.jpeg | score=0.814 | stage=0.000
6. page_144_img_0_0.jpeg | score=0.754 | stage=0.000
7. page_144_img_1_0.jpeg | score=0.751 | stage=0.000
8. page_255_img_0_0.jpeg | score=0.748 | stage=0.000
9. page_334_img_0_0.jpeg | score=0.733 | stage=0.000
10. page_148_img_0_0.jpeg | score=0.727 | stage=0.000"
Q10,기존,티치 펜던트 화면에서 로봇의 현재 각 관절 각도를 수치로 확인하는 메뉴 경로는 무엇입니까?,티치 펜던트/상태 확인,티치 펜던트/상태 확인,티치 펜던트/상태 확인,0.5944,0.0784,O,Status 모듈 내 I/O Overview,7,7,△,keyword:모듈,page_332_img_0_0.jpeg,,,X,"1. page_188_img_0_0.jpeg | score=0.928 | stage=0.146 | keyword=i; section=i
2. page_195_img_0_0.jpeg | score=0.923 | stage=0.146 | keyword=i; section=i
3. page_388_img_2_0.jpeg | score=0.878 | stage=0.146 | keyword=i; section=i
4. page_104_img_0_0.jpeg | score=0.870 | stage=0.146 | keyword=i; section=i
5. page_189_img_0_0.jpeg | score=0.861 | stage=0.146 | keyword=i; section=i
6. page_195_img_2_0.jpeg | score=0.834 | stage=0.146 | keyword=i; section=i
7. page_196_img_0_0.jpeg | score=0.828 | stage=0.146 | keyword=i; section=i
8. page_389_img_0_0.jpeg | score=0.792 | stage=0.146 | keyword=i; section=i
9. page_165_img_0_0.jpeg | score=0.791 | stage=0.146 | keyword=i; section=i
10. page_105_img_0_0.jpeg | score=0.777 | stage=0.146 | keyword=i; section=i"
Q11,기존,로봇을 천장(Ceiling)에 거꾸로 설치할 때 소프트웨어 설정 메뉴에서 입력해야 하는 마운팅 각도는 어떻게 설정합니까?,설치/마운팅 설정,설치/마운팅 설정,설치/마운팅 설정,0.6719,0.0894,O,Y축 회전과 Z축 회전으로 각도 설정,1,1,O,"keyword:회전과,회전,회전으로,각도; semantic_rank:13",page_188_img_0_0.jpeg,1,1,O,"1. page_188_img_0_0.jpeg | score=1.578 | stage=0.925 | page=1.00; keyword=mount,robot settings; section=robot settings,mount
2. page_189_img_0_0.jpeg | score=1.505 | stage=0.938 | page=1.00; keyword=mount,robot settings,y; section=robot settings,mount
3. page_187_img_0_0.jpeg | score=1.261 | stage=0.925 | page=1.00; keyword=mount,robot settings; section=robot settings,mount
4. page_187_img_1_0.jpeg | score=1.248 | stage=0.925 | page=1.00; keyword=mount,robot settings; section=robot settings,mount
5. page_181_img_0_0.jpeg | score=0.813 | stage=0.013 | keyword=y
6. page_289_img_0_0.jpeg | score=0.808 | stage=0.013 | keyword=y
7. page_378_img_2_0.jpeg | score=0.806 | stage=0.025 | keyword=y,z
8. page_182_img_0_0.jpeg | score=0.780 | stage=0.013 | keyword=y
9. page_184_img_0_0.jpeg | score=0.745 | stage=0.225 | page=0.45
10. page_195_img_0_0.jpeg | score=0.734 | stage=0.725 | page=1.00; keyword=robot settings,z; section=robot settings"
Q12,기존,전원이 꺼진 상태나 비상시 조작기 각 관절의 브레이크(Brake)를 수동으로 해제하는 방법은 무엇입니까?,비상/Backdrive,비상/Backdrive,비상/Backdrive,0.5422,0.0563,O,Backdrive 모듈 사용,1,1,O,"keyword:backdrive,모듈; semantic_rank:2",page_178_img_0_0.jpeg,2,2,O,"1. page_179_img_1_0.jpeg | score=1.408 | stage=0.646 | page=1.00; keyword=backdrive; section=backdrive
2. page_178_img_0_0.jpeg | score=1.394 | stage=0.671 | page=1.00; keyword=backdrive,joint,recovery; section=backdrive
3. page_177_img_1_0.jpeg | score=1.044 | stage=0.512 | page=1.00; keyword=servo off
4. page_125_img_0_0.jpeg | score=0.789 | stage=0.000
5. page_89_img_1_0.jpeg | score=0.778 | stage=0.000
6. page_89_img_0_0.jpeg | score=0.752 | stage=0.000
7. page_195_img_0_0.jpeg | score=0.658 | stage=0.000
8. page_220_img_0_0.jpeg | score=0.654 | stage=0.000
9. page_195_img_2_0.jpeg | score=0.632 | stage=0.000
10. page_403_img_0_0.jpeg | score=0.599 | stage=0.000"
Q13,기존,티치 펜던트의 전원을 강제로 종료하는 물리적 버튼 조작법은 무엇입니까?,티치 펜던트/전원 조작,티치 펜던트/전원 조작,티치 펜던트/전원 조작,0.6817,0.0620,O,전원 버튼을 4초 이상 길게 누름,1,1,O,"keyword:전원,버튼을,버튼,길게; semantic_rank:4",page_24_img_0_0.jpeg,5,9,△,"1. page_94_img_0_0.jpeg | score=1.371 | stage=0.500 | page=1.00
2. page_95_img_0_0.jpeg | score=1.329 | stage=0.500 | page=1.00
3. page_96_img_0_0.jpeg | score=1.217 | stage=0.500 | page=1.00
4. page_103_img_0_0.jpeg | score=1.150 | stage=0.500 | page=1.00
5. page_104_img_0_0.jpeg | score=1.099 | stage=0.500 | page=1.00
6. page_93_img_0_0.jpeg | score=1.057 | stage=0.500 | page=1.00
7. page_163_img_0_0.jpeg | score=0.879 | stage=0.000
8. page_163_img_1_0.jpeg | score=0.861 | stage=0.000
9. page_24_img_0_0.jpeg | score=0.823 | stage=0.000
10. page_220_img_0_0.jpeg | score=0.776 | stage=0.000"
Q14,기존,로봇이 특이점(Singularity) 영역에 도달했을 때 제어를 보호하기 위해 발생하는 현상은 무엇입니까?,안전/특이점/동작 제한,안전/특이점/동작 제한,안전/특이점/동작 제한,0.5224,0.0705,O,조인트 속력/각도 제한 위반으로 에러 발생 후 정지,1,1,O,"keyword:조인트,각도,제한,위반,에러,발생",page_173_img_1_0.jpeg,1,1,O,"1. page_173_img_1_0.jpeg | score=1.501 | stage=0.712 | page=1.00; keyword=singularity; section=singularity
2. page_174_img_1_0.jpeg | score=1.370 | stage=0.512 | page=1.00; keyword=wrist
3. page_175_img_1_0.jpeg | score=1.240 | stage=0.500 | page=1.00
4. page_175_img_4_0.jpeg | score=1.057 | stage=0.500 | page=1.00
5. page_175_img_3_0.jpeg | score=1.048 | stage=0.500 | page=1.00
6. page_175_img_2_0.jpeg | score=1.042 | stage=0.500 | page=1.00
7. page_277_img_0_0.jpeg | score=0.797 | stage=0.000
8. page_242_img_0_0.jpeg | score=0.718 | stage=0.000
9. page_278_img_1_0.jpeg | score=0.608 | stage=0.000
10. page_276_img_0_0.jpeg | score=0.608 | stage=0.000"
Q15,기존,시스템의 과거 에러 로그를 추출하는 메뉴 경로는 어디입니까?,시스템 관리/로그,UI/시스템 정보 확인,,0.4739,0.0053,X,Logs 모듈,1,1,O,semantic_rank:4,page_340_img_0_0.jpeg,3,3,O,"1. page_363_img_0_0.jpeg | score=0.808 | stage=0.000
2. page_182_img_0_0.jpeg | score=0.765 | stage=0.000
3. page_340_img_0_0.jpeg | score=0.734 | stage=0.000
4. page_368_img_0_0.jpeg | score=0.726 | stage=0.000
5. page_364_img_1_0.jpeg | score=0.724 | stage=0.000
6. page_169_img_2_0.jpeg | score=0.702 | stage=0.000
7. page_342_img_2_0.jpeg | score=0.690 | stage=0.000
8. page_349_img_0_0.jpeg | score=0.688 | stage=0.000
9. page_369_img_0_0.jpeg | score=0.641 | stage=0.000
10. page_361_img_0_0.jpeg | score=0.639 | stage=0.000"
Q16,기존,티치 펜던트 케이블을 배선할 때 케이블이 손상되지 않도록 유지해야 하는 최소 곡률반경은 얼마입니까?,설치/케이블 배선,설치/케이블 배선,설치/케이블 배선,0.6015,0.1581,O,120mm,1,1,O,semantic_rank:7,page_116_img_0_0.jpeg,1,1,O,"1. page_116_img_0_0.jpeg | score=1.371 | stage=0.500 | page=1.00
2. page_119_img_0_0.jpeg | score=1.277 | stage=0.500 | page=1.00
3. page_120_img_0_0.jpeg | score=1.192 | stage=0.500 | page=1.00
4. page_119_img_1_0.jpeg | score=1.094 | stage=0.500 | page=1.00
5. page_115_img_0_0.jpeg | score=1.040 | stage=0.500 | page=1.00
6. page_118_img_0_0.jpeg | score=0.992 | stage=0.500 | page=1.00
7. page_402_img_0_0.jpeg | score=0.861 | stage=0.000
8. page_121_img_0_0.jpeg | score=0.849 | stage=0.350 | page=0.70
9. page_401_img_0_0.jpeg | score=0.779 | stage=0.000
10. page_401_img_1_0.jpeg | score=0.775 | stage=0.000"
Q17,기존,플랜지의 RS-485 통신 포트를 사용할 때 X1 커넥터의 핀 번호는 무엇입니까?,툴 플랜지/통신 배선,툴 플랜지/통신 배선,툴 플랜지/통신 배선,0.7315,0.0850,O,4번(RS-485+) 및 6번(RS-485-),1,1,O,"keyword:rs,485",page_128_img_0_0.jpeg,1,1,O,"1. page_128_img_0_0.jpeg | score=1.424 | stage=0.612 | page=1.00; keyword=x1; section=o
2. page_127_img_0_0.jpeg | score=1.311 | stage=0.600 | page=1.00; section=o
3. page_132_img_0_0.png | score=1.195 | stage=0.600 | page=1.00; section=o
4. page_130_img_0_0.jpeg | score=1.154 | stage=0.600 | page=1.00; section=o
5. page_201_img_1_0.jpeg | score=0.777 | stage=0.100 | section=o
6. page_336_img_0_0.jpeg | score=0.762 | stage=0.100 | section=o
7. page_124_img_0_0.jpeg | score=0.754 | stage=0.350 | page=0.70
8. page_94_img_0_0.jpeg | score=0.697 | stage=0.100 | section=o
9. page_95_img_0_0.jpeg | score=0.680 | stage=0.200 | section=flange i,o
10. page_199_img_0_0.jpeg | score=0.637 | stage=0.113 | keyword=x1; section=o"
Q18,기존,작업자의 손가락 끼임 사고를 방지하기 위해 설정할 수 있는 안전 구역의 명칭은 무엇입니까?,안전 설정/협착 방지 구역,안전 설정/협착 방지 구역,안전 설정/협착 방지 구역,0.5925,0.0969,O,협착 방지 구역 (Crushing Prevention Zone),1,1,O,"keyword:협착,방지,구역,crushing,prevention,zone; semantic_rank:1",page_242_img_0_0.jpeg,1,1,O,"1. page_242_img_0_0.jpeg | score=1.475 | stage=0.700 | page=1.00; section=safety settings
2. page_241_img_0_0.jpeg | score=1.350 | stage=0.700 | page=1.00; section=safety settings
3. page_243_img_0_0.jpeg | score=1.276 | stage=0.700 | page=1.00; section=safety settings
4. page_243_img_1_0.jpeg | score=1.181 | stage=0.700 | page=1.00; section=safety settings
5. page_244_img_0_0.jpeg | score=1.149 | stage=0.700 | page=1.00; section=safety settings
6. page_240_img_0_0.jpeg | score=1.103 | stage=0.700 | page=1.00; section=safety settings
7. page_245_img_0_0.jpeg | score=1.097 | stage=0.700 | page=1.00; section=safety settings
8. page_224_img_0_0.jpeg | score=0.806 | stage=0.213 | keyword=safety zone; section=safety settings
9. page_238_img_0_0.jpeg | score=0.716 | stage=0.700 | page=1.00; section=safety settings
10. page_225_img_0_0.jpeg | score=0.712 | stage=0.200 | section=safety settings"
Q19,기존,목표 위치를 향해 끝 단이 선형으로 이동하는 수동 이동(Jog) 방식은 무엇입니까?,수동 조작/Jog,수동 조작/Jog,수동 조작/Jog,0.5756,0.1312,O,태스크 모션 (Task Motion),1,1,O,"keyword:태스크,모션; semantic_rank:12",page_373_img_0_0.jpeg,7,5,O,"1. page_375_img_0_0.jpeg | score=1.364 | stage=0.646 | page=1.00; keyword=jog; section=jog
2. page_374_img_1_0.jpeg | score=1.286 | stage=0.500 | page=1.00
3. page_374_img_0_0.jpeg | score=1.284 | stage=0.500 | page=1.00
4. page_376_img_0_0.jpeg | score=1.199 | stage=0.646 | page=1.00; keyword=jog; section=jog
5. page_373_img_0_0.jpeg | score=1.165 | stage=0.500 | page=1.00
6. page_379_img_2_0.jpeg | score=1.014 | stage=0.500 | page=1.00
7. page_379_img_1_0.jpeg | score=0.975 | stage=0.500 | page=1.00
8. page_378_img_2_0.jpeg | score=0.898 | stage=0.500 | page=1.00
9. page_379_img_0_0.jpeg | score=0.895 | stage=0.500 | page=1.00
10. page_381_img_0_0.jpeg | score=0.886 | stage=0.500 | page=1.00"
Q20,기존,TCP(Tool Center Point) 설정 화면에서 Z축 방향의 오프셋(Offset)만 적용하려면 어떤 항목에 값을 입력해야 합니까?,TCP/툴 좌표 설정,TCP/툴 좌표 설정,TCP/툴 좌표 설정,0.6568,0.1814,O,Z 값에 거리 입력,2,1,O,semantic_rank:5,page_201_img_1_0.jpeg,3,2,O,"1. page_202_img_1_0.jpeg | score=1.548 | stage=0.875 | page=1.00; keyword=tool settings,tcp,tool center point,x; section=tool settings,tool center point,tcp
2. page_201_img_1_0.jpeg | score=1.524 | stage=0.875 | page=1.00; keyword=tool settings,tcp,tool center point,x; section=tool settings,tool center point,tcp
3. page_203_img_0_0.jpeg | score=1.400 | stage=0.762 | page=1.00; keyword=tool settings,tcp,x,y; section=tool settings,tcp
4. page_202_img_0_0.jpeg | score=1.331 | stage=0.875 | page=1.00; keyword=tool settings,tcp,tool center point,x; section=tool settings,tool center point,tcp
5. page_201_img_0_0.jpeg | score=1.309 | stage=0.875 | page=1.00; keyword=tool settings,tcp,tool center point,x; section=tool settings,tool center point,tcp
6. page_208_img_0_0.jpeg | score=1.154 | stage=0.637 | page=1.00; keyword=tool settings,y,simulation; section=tool settings
7. page_204_img_0_0.jpeg | score=1.082 | stage=0.762 | page=1.00; keyword=tool settings,tcp,x,y; section=tool settings,tcp
8. page_204_img_1_0.jpeg | score=1.011 | stage=0.762 | page=1.00; keyword=tool settings,tcp,x,y; section=tool settings,tcp
9. page_244_img_0_0.jpeg | score=0.945 | stage=0.138 | keyword=tcp,y,z; section=tcp
10. page_206_img_0_0.jpeg | score=0.913 | stage=0.625 | page=1.00; keyword=tool settings,y; section=tool settings"
Q21,기존,안전 영역(Zone) 설정 시 선택할 수 있는 3D 도형 모양 5가지는 무엇입니까?,안전 설정/Zone 형상,안전 설정/Zone 형상,,0.5676,0.0271,X,"구, 원기둥, 직육면체, 기울어진 다면상자",4,4,O,"keyword:원기둥,직육면체,기울어진,다면상자; semantic_rank:5",page_241_img_0_0.jpeg,3,3,O,"1. page_225_img_0_0.jpeg | score=0.888 | stage=0.000
2. page_224_img_0_0.jpeg | score=0.869 | stage=0.000
3. page_241_img_0_0.jpeg | score=0.835 | stage=0.000
4. page_240_img_0_0.jpeg | score=0.814 | stage=0.000
5. page_242_img_0_0.jpeg | score=0.797 | stage=0.000
6. page_226_img_0_0.jpeg | score=0.797 | stage=0.000
7. page_239_img_0_0.jpeg | score=0.707 | stage=0.000
8. page_220_img_0_0.jpeg | score=0.664 | stage=0.000
9. page_237_img_0_0.jpeg | score=0.621 | stage=0.000
10. page_226_img_2_0.jpeg | score=0.603 | stage=0.000"
Q22,기존,다양한 프로그램 명령어를 조립하여 로봇 동작을 구성하는 두산로보틱스의 프로그래밍 모듈 명칭은 무엇입니까?,프로그래밍/Task Editor,프로그래밍/모션 명령,프로그래밍/모션 명령,0.5087,0.0587,O,Task Editor (태스크 에디터),8,9,△,"keyword:task,editor,태스크; semantic_rank:5",page_262_img_0_0.jpeg,,,X,"1. page_271_img_1_0.jpeg | score=1.072 | stage=0.512 | page=1.00; keyword=radius
2. page_271_img_0_0.jpeg | score=1.056 | stage=0.512 | page=1.00; keyword=radius
3. page_277_img_0_0.jpeg | score=1.013 | stage=0.500 | page=1.00
4. page_316_img_0_0.jpeg | score=0.833 | stage=0.000
5. page_278_img_1_0.jpeg | score=0.821 | stage=0.500 | page=1.00
6. page_276_img_0_0.jpeg | score=0.814 | stage=0.500 | page=1.00
7. page_312_img_0_0.jpeg | score=0.743 | stage=0.013 | keyword=tcp
8. page_313_img_0_0.jpeg | score=0.692 | stage=0.000
9. page_104_img_0_0.jpeg | score=0.588 | stage=0.000
10. page_398_img_0_0.jpeg | score=0.528 | stage=0.000"
Q23,기존,로봇 시스템의 시간 기능을 확인하는 곳은 화면의 어디입니까?,UI/시스템 정보 확인,UI/시스템 정보 확인,UI/시스템 정보 확인,0.5290,0.0381,O,Header의 현재 시간 정보,1,1,O,"keyword:header,시간; semantic_rank:1",page_167_img_3_0.jpeg,,7,△,"1. page_165_img_0_0.jpeg | score=1.435 | stage=0.646 | page=1.00; keyword=header; section=header
2. page_166_img_1_0.jpeg | score=1.338 | stage=0.646 | page=1.00; keyword=header; section=header
3. page_168_img_0_0.jpeg | score=1.316 | stage=0.500 | page=1.00
4. page_168_img_1_0.png | score=1.111 | stage=0.500 | page=1.00
5. page_164_img_1_0.jpeg | score=1.078 | stage=0.500 | page=1.00
6. page_169_img_2_0.jpeg | score=1.034 | stage=0.500 | page=1.00
7. page_167_img_3_0.jpeg | score=1.030 | stage=0.500 | page=1.00
8. page_169_img_1_0.png | score=1.003 | stage=0.500 | page=1.00
9. page_167_img_2_0.jpeg | score=0.872 | stage=0.500 | page=1.00
10. page_357_img_0_0.jpeg | score=0.813 | stage=0.000"
Q24,기존,로봇의 이동 경로를 티칭할 때 직선으로 이동하도록 강제하는 모션 명령어는 무엇입니까?,프로그래밍/모션 명령,프로그래밍/모션 명령,프로그래밍/모션 명령,0.5321,0.0563,O,MoveL,1,2,O,semantic_rank:8,page_275_img_0_0.jpeg,6,2,O,"1. page_276_img_0_0.jpeg | score=1.459 | stage=0.804 | page=1.00; keyword=movej,movel,tcp; section=movej,movel
2. page_275_img_0_0.jpeg | score=1.348 | stage=0.829 | page=1.00; keyword=movej,movel,motion,linear; section=movej,movel
3. page_277_img_0_0.jpeg | score=1.210 | stage=0.512 | page=1.00; keyword=tcp
4. page_269_img_0_0.jpeg | score=0.994 | stage=0.512 | page=1.00; keyword=tcp
5. page_267_img_1_0.jpeg | score=0.981 | stage=0.792 | page=1.00; keyword=movej,movel; section=movej,movel
6. page_195_img_0_0.jpeg | score=0.817 | stage=0.000
7. page_195_img_2_0.jpeg | score=0.791 | stage=0.000
8. page_271_img_1_0.jpeg | score=0.769 | stage=0.512 | page=1.00; keyword=radius
9. page_271_img_0_0.jpeg | score=0.754 | stage=0.512 | page=1.00; keyword=radius
10. page_196_img_0_0.jpeg | score=0.715 | stage=0.000"
Q25,기존,조인트 각도를 기준으로 목표 위치까지 가장 빠른 경로로 이동하는 모션 명령어는 무엇입니까?,프로그래밍/모션 명령,프로그래밍/모션 명령,,0.4831,0.0245,X,MoveJ,2,2,O,semantic_rank:11,page_275_img_0_0.jpeg,6,6,△,"1. page_378_img_2_0.jpeg | score=0.883 | stage=0.000
2. page_374_img_1_0.jpeg | score=0.818 | stage=0.000
3. page_374_img_0_0.jpeg | score=0.817 | stage=0.000
4. page_379_img_2_0.jpeg | score=0.763 | stage=0.000
5. page_375_img_0_0.jpeg | score=0.705 | stage=0.000
6. page_275_img_0_0.jpeg | score=0.705 | stage=0.000
7. page_378_img_0_0.jpeg | score=0.670 | stage=0.000
8. page_373_img_0_0.jpeg | score=0.650 | stage=0.000
9. page_379_img_1_0.jpeg | score=0.634 | stage=0.000
10. page_269_img_0_0.jpeg | score=0.628 | stage=0.000"
Q26,기존,소프트웨어 업데이트 모듈을 설치할 때 사용하는 패키지 파일의 확장자는 무엇입니까?,시스템 관리/소프트웨어 업데이트,시스템 관리/소프트웨어 업데이트,시스템 관리/소프트웨어 업데이트,0.5504,0.1249,O,.dm (다운로드 받은 모듈 패키지 설치 파일),1,1,O,"keyword:dm,다운로드,받은,모듈,패키지,설치; semantic_rank:1",page_167_img_2_0.jpeg,,8,△,"1. page_167_img_3_0.jpeg | score=1.326 | stage=0.500 | page=1.00
2. page_361_img_0_0.jpeg | score=1.321 | stage=0.712 | page=1.00; keyword=robot update; section=robot update
3. page_361_img_1_0.jpeg | score=1.318 | stage=0.712 | page=1.00; keyword=robot update; section=robot update
4. page_366_img_0_0.jpeg | score=1.287 | stage=0.500 | page=1.00
5. page_168_img_0_0.jpeg | score=1.240 | stage=0.500 | page=1.00
6. page_360_img_0_0.jpeg | score=1.203 | stage=0.712 | page=1.00; keyword=robot update; section=robot update
7. page_367_img_0_0.jpeg | score=1.188 | stage=0.500 | page=1.00
8. page_167_img_2_0.jpeg | score=1.138 | stage=0.500 | page=1.00
9. page_361_img_2_0.png | score=1.081 | stage=0.712 | page=1.00; keyword=robot update; section=robot update
10. page_166_img_1_0.jpeg | score=1.073 | stage=0.500 | page=1.00"
Q27,기존,공장 출하 상태로 시스템을 복원하는 '공장 초기화(Factory Reset)' 진행 시 삭제되는 데이터는 무엇입니까?,시스템 관리/공장 초기화,시스템 관리/공장 초기화,시스템 관리/공장 초기화,0.6347,0.2173,O,"데이터 베이스, 로그파일, 워크셀 아이템, 태스크 파일",1,1,O,"keyword:데이터,워크셀,아이템,태스크,파일; semantic_rank:6",page_370_img_0_0.jpeg,1,1,O,"1. page_370_img_0_0.jpeg | score=1.480 | stage=0.725 | page=1.00; keyword=factory reset,reset; section=factory reset
2. page_369_img_0_0.jpeg | score=1.261 | stage=0.500 | page=1.00
3. page_368_img_0_0.jpeg | score=1.098 | stage=0.500 | page=1.00
4. page_364_img_1_0.jpeg | score=0.942 | stage=0.350 | page=0.70
5. page_363_img_0_0.jpeg | score=0.908 | stage=0.225 | page=0.45
6. page_367_img_0_0.jpeg | score=0.855 | stage=0.500 | page=1.00
7. page_213_img_0_0.jpeg | score=0.734 | stage=0.013 | keyword=reset
8. page_214_img_0_0.jpeg | score=0.713 | stage=0.013 | keyword=reset
9. page_182_img_0_0.jpeg | score=0.694 | stage=0.000
10. page_197_img_0_0.jpeg | score=0.656 | stage=0.000"
Q28,기존,로봇 큐브 모듈 케이블을 결합할 때 방수 등급 강화를 위해 케이블에 결합해야 하는 부품은 무엇입니까?,설치/케이블 방수,설치/케이블 방수,설치/케이블 방수,0.6070,0.0572,O,그로밋 (Grommet),7,2,O,"keyword:그로밋,grommet; semantic_rank:1",page_405_img_0_0.jpeg,,7,△,"1. page_405_img_5_0.jpeg | score=1.294 | stage=0.646 | page=1.00; keyword=grommet; section=grommet
2. page_405_img_3_0.jpeg | score=1.290 | stage=0.646 | page=1.00; keyword=grommet; section=grommet
3. page_403_img_0_0.jpeg | score=1.224 | stage=0.350 | page=0.70
4. page_405_img_4_0.jpeg | score=1.125 | stage=0.646 | page=1.00; keyword=grommet; section=grommet
5. page_405_img_2_0.jpeg | score=1.123 | stage=0.646 | page=1.00; keyword=grommet; section=grommet
6. page_405_img_1_0.jpeg | score=1.120 | stage=0.646 | page=1.00; keyword=grommet; section=grommet
7. page_405_img_0_0.jpeg | score=1.106 | stage=0.646 | page=1.00; keyword=grommet; section=grommet
8. page_401_img_1_0.jpeg | score=0.920 | stage=0.225 | page=0.45
9. page_402_img_0_0.jpeg | score=0.911 | stage=0.350 | page=0.70
10. page_402_img_1_0.jpeg | score=0.910 | stage=0.350 | page=0.70"
Q29,기존,엔드 이펙터 툴의 중심 좌표계(Tool Coordinate)의 기준이 되는 z축의 방향은 플랜지 좌표계에서 어느 방향을 따라 회전합니까?,TCP/툴 좌표 설정,좌표계/오른손 법칙,,0.5598,0.0170,X,플랜지 좌표계의 z축,1,1,O,"keyword:플랜지,좌표계; semantic_rank:2",page_202_img_0_0.jpeg,,,X,"1. page_201_img_1_0.jpeg | score=0.881 | stage=0.000
2. page_202_img_1_0.jpeg | score=0.876 | stage=0.000
3. page_110_img_0_0.jpeg | score=0.794 | stage=0.000
4. page_175_img_1_0.jpeg | score=0.768 | stage=0.000
5. page_175_img_3_0.jpeg | score=0.763 | stage=0.000
6. page_203_img_0_0.jpeg | score=0.759 | stage=0.000
7. page_244_img_0_0.jpeg | score=0.753 | stage=0.000
8. page_378_img_2_0.jpeg | score=0.726 | stage=0.000
9. page_389_img_0_0.jpeg | score=0.726 | stage=0.000
10. page_201_img_0_0.jpeg | score=0.685 | stage=0.000"
Q30,기존,전원 입력 시 극성이 잘못 결선되었을 때 컨트롤러 고장을 막기 위해 주의해야 할 항목은 무엇입니까?,안전/전원/극성,안전/전원/극성,안전/전원/극성,0.5951,0.0719,O,입력 전압의 극성이 반대로 연결되지 않도록 주의,1,1,O,"keyword:전압의,전압,극성이,극성,반대로,연결되지; semantic_rank:4",page_403_img_0_0.jpeg,1,1,O,"1. page_403_img_0_0.jpeg | score=1.446 | stage=0.633 | page=1.00; section=cs-12p
2. page_399_img_0_0.jpeg | score=1.345 | stage=0.633 | page=1.00; section=cs-12p
3. page_400_img_0_0.jpeg | score=1.289 | stage=0.633 | page=1.00; section=cs-12p
4. page_402_img_0_0.jpeg | score=1.205 | stage=0.633 | page=1.00; section=cs-12p
5. page_402_img_1_0.jpeg | score=1.125 | stage=0.633 | page=1.00; section=cs-12p
6. page_398_img_0_0.jpeg | score=1.061 | stage=0.633 | page=1.00; section=cs-12p
7. page_401_img_1_0.jpeg | score=0.905 | stage=0.633 | page=1.00; section=cs-12p
8. page_401_img_0_0.jpeg | score=0.881 | stage=0.633 | page=1.00; section=cs-12p
9. page_121_img_0_0.jpeg | score=0.853 | stage=0.000
10. page_120_img_0_0.jpeg | score=0.711 | stage=0.000"
Q31,기존,티치 펜던트에 위치한 USB 포트의 주된 용도는 무엇입니까?,티치 펜던트/USB 데이터 관리,티치 펜던트/USB 데이터 관리,티치 펜던트/USB 데이터 관리,0.6251,0.0947,O,로봇 로그 저장매체 백업 및 태스크 내보내기/가져오기,2,1,O,"page; keyword:로봇,로그,저장매체,태스크,내보내기; semantic_rank:2",page_103_img_0_0.jpeg,,3,O,"1. page_102_img_0_0.jpeg | score=1.423 | stage=0.712 | page=1.00; keyword=usb; section=usb
2. page_104_img_0_0.jpeg | score=1.231 | stage=0.500 | page=1.00
3. page_103_img_0_0.jpeg | score=1.187 | stage=0.500 | page=1.00
4. page_105_img_0_0.jpeg | score=1.129 | stage=0.500 | page=1.00
5. page_105_img_1_0.jpeg | score=0.957 | stage=0.500 | page=1.00
6. page_101_img_0_0.jpeg | score=0.939 | stage=0.500 | page=1.00
7. page_100_img_0_0.jpeg | score=0.894 | stage=0.500 | page=1.00
8. page_401_img_0_0.jpeg | score=0.861 | stage=0.000
9. page_401_img_1_0.jpeg | score=0.857 | stage=0.000
10. page_119_img_0_0.jpeg | score=0.807 | stage=0.000"
Q32,기존,로봇이 프로그램 시작점으로 기본 복귀할 수 있도록 설정하는 위치의 명칭은 무엇입니까?,프로그램 실행/Home Position,프로그램 실행/Home Position,,0.5463,0.0224,X,Home Position (홈 포지션),4,4,O,"keyword:home,position; semantic_rank:2",page_192_img_0_0.jpeg,,,X,"1. page_181_img_0_0.jpeg | score=0.827 | stage=0.000
2. page_182_img_0_0.jpeg | score=0.792 | stage=0.000
3. page_195_img_0_0.jpeg | score=0.737 | stage=0.000
4. page_195_img_2_0.jpeg | score=0.713 | stage=0.000
5. page_178_img_0_0.jpeg | score=0.675 | stage=0.000
6. page_188_img_0_0.jpeg | score=0.617 | stage=0.000
7. page_189_img_0_0.jpeg | score=0.587 | stage=0.000
8. page_184_img_0_0.jpeg | score=0.559 | stage=0.000
9. page_298_img_2_0.jpeg | score=0.558 | stage=0.000
10. page_293_img_1_0.jpeg | score=0.553 | stage=0.000"
Q33,기존,사용자 계정 관리에서 관리자(Supervisor) 권한으로 접근할 때 입력해야 하는 초기 비밀번호는 무엇입니까?,사용자 관리/권한,사용자 관리/권한,사용자 관리/권한,0.5687,0.1290,O,admin,1,1,O,keyword:admin; semantic_rank:2,page_352_img_3_0.jpeg,2,2,O,"1. page_353_img_1_0.jpeg | score=1.516 | stage=0.762 | page=1.00; keyword=supervisor,password,admin,safety password; section=supervisor password,safety password
2. page_352_img_3_0.jpeg | score=1.431 | stage=0.662 | page=1.00; keyword=password,admin,safety password,lock; section=safety password
3. page_353_img_0_0.png | score=1.320 | stage=0.762 | page=1.00; keyword=supervisor,password,admin,safety password; section=supervisor password,safety password
4. page_352_img_1_0.png | score=1.242 | stage=0.662 | page=1.00; keyword=password,admin,safety password,lock; section=safety password
5. page_354_img_0_0.jpeg | score=1.126 | stage=0.625 | page=1.00; keyword=supervisor,password; section=supervisor password
6. page_350_img_0_0.jpeg | score=1.014 | stage=0.512 | page=1.00; keyword=setting
7. page_285_img_0_0.jpeg | score=0.862 | stage=0.150 | keyword=password,admin,safety password,setting; section=safety password
8. page_296_img_0_0.jpeg | score=0.756 | stage=0.013 | keyword=setting
9. page_169_img_2_0.jpeg | score=0.742 | stage=0.000
10. page_214_img_0_0.jpeg | score=0.726 | stage=0.150 | keyword=password,safety password,lock,setting; section=safety password"
Q34,기존,로봇을 운반이나 포장하기 위해 안전 복구 모드에서 사용할 수 있는 전용 기능의 이름은 무엇입니까?,안전 복구/패키징,안전 복구/Recovery,안전 복구/Recovery,0.5431,0.0418,O,패키징 모드,1,1,O,"keyword:패키징,모드; semantic_rank:7",page_184_img_0_0.jpeg,3,3,O,"1. page_181_img_0_0.jpeg | score=1.452 | stage=0.712 | page=1.00; keyword=recovery; section=recovery
2. page_182_img_0_0.jpeg | score=1.413 | stage=0.712 | page=1.00; keyword=recovery; section=recovery
3. page_184_img_0_0.jpeg | score=1.185 | stage=0.525 | page=1.00; keyword=joint,task
4. page_186_img_0_0.jpeg | score=1.144 | stage=0.712 | page=1.00; keyword=recovery; section=recovery
5. page_178_img_0_0.jpeg | score=0.972 | stage=0.450 | page=0.45; keyword=recovery,joint; section=recovery
6. page_179_img_1_0.jpeg | score=0.785 | stage=0.350 | page=0.70
7. page_177_img_1_0.jpeg | score=0.672 | stage=0.225 | page=0.45
8. page_92_img_1_0.jpeg | score=0.619 | stage=0.213 | keyword=recovery; section=recovery
9. page_48_img_0_0.jpeg | score=0.539 | stage=0.000
10. page_24_img_0_0.jpeg | score=0.536 | stage=0.000"
Q35,기존,Configurable 디지털 I/O 전원을 내부 전원과 분리하기 위해 TBPWR 단자블록에서 제거해야 하는 점퍼선 결선은 무엇입니까?,제어기 I/O 배선,제어기 I/O 배선,,0.5381,0.0130,X,VCC-VIO 및 GND-GIO,1,1,O,"keyword:vcc,vio,gnd,gio; semantic_rank:1",page_144_img_1_0.jpeg,2,2,O,"1. page_144_img_0_0.jpeg | score=0.868 | stage=0.000
2. page_144_img_1_0.jpeg | score=0.865 | stage=0.000
3. page_140_img_0_0.jpeg | score=0.845 | stage=0.000
4. page_141_img_1_0.jpeg | score=0.829 | stage=0.000
5. page_133_img_0_0.jpeg | score=0.806 | stage=0.000
6. page_136_img_0_0.png | score=0.789 | stage=0.000
7. page_95_img_0_0.jpeg | score=0.755 | stage=0.000
8. page_143_img_1_0.jpeg | score=0.740 | stage=0.000
9. page_143_img_0_0.jpeg | score=0.739 | stage=0.000
10. page_145_img_0_0.jpeg | score=0.734 | stage=0.000"
Q36,기존,공간 제한 구역을 '기울어진 직육면체(3포인트 & 높이)'로 설정할 때 3D 시뮬레이션 화면에서 지정해야 하는 3개의 점은 무엇입니까?,안전 설정/공간 제한 구역,안전 설정/공간 제한 구역,안전 설정/공간 제한 구역,0.5537,0.0529,O,"기준점, x축 위의 점, xy평면 위의 점",1,1,O,"keyword:기준점,위의; semantic_rank:1",page_237_img_0_0.jpeg,2,2,O,"1. page_238_img_0_0.jpeg | score=1.553 | stage=0.792 | page=1.00; keyword=space limit,zone; section=safety settings,space limit
2. page_237_img_0_0.jpeg | score=1.506 | stage=0.792 | page=1.00; keyword=space limit,zone; section=safety settings,space limit
3. page_239_img_0_0.jpeg | score=1.481 | stage=0.792 | page=1.00; keyword=space limit,zone; section=safety settings,space limit
4. page_232_img_0_0.jpeg | score=1.427 | stage=0.817 | page=1.00; keyword=point 1,point 2,3 point,point; section=safety settings,point
5. page_240_img_0_0.jpeg | score=1.388 | stage=0.633 | page=1.00; section=safety settings
6. page_238_img_1_0.jpeg | score=1.329 | stage=0.792 | page=1.00; keyword=space limit,zone; section=safety settings,space limit
7. page_233_img_1_0.jpeg | score=1.323 | stage=0.804 | page=1.00; keyword=point 1,point 2,point; section=safety settings,point
8. page_235_img_1_0.jpeg | score=1.277 | stage=0.792 | page=1.00; keyword=point 1,point; section=safety settings,point
9. page_235_img_0_0.jpeg | score=1.270 | stage=0.792 | page=1.00; keyword=point 1,point; section=safety settings,point
10. page_236_img_0_0.jpeg | score=1.235 | stage=0.633 | page=1.00; section=safety settings"
Q37,기존,힘 제어 모드에서 외력 센서값 오차를 초기화하기 위해 Custom Code에 입력해야 하는 DRL 명령어는 무엇입니까?,힘 제어/Custom Code,힘 제어/Custom Code,힘 제어/Custom Code,0.6182,0.1409,O,set_external_force_reset(),1,1,O,"keyword:set,external,force,reset; semantic_rank:9",page_310_img_1_0.jpeg,3,1,O,"1. page_310_img_1_0.jpeg | score=1.401 | stage=0.658 | page=1.00; keyword=custom code,drl; section=custom code
2. page_305_img_0_0.jpeg | score=1.258 | stage=0.500 | page=1.00
3. page_304_img_0_0.jpeg | score=1.131 | stage=0.658 | page=1.00; keyword=force control,compliance; section=force control
4. page_303_img_0_0.jpeg | score=1.127 | stage=0.512 | page=1.00; keyword=compliance
5. page_306_img_0_0.jpeg | score=1.126 | stage=0.500 | page=1.00
6. page_311_img_0_0.jpeg | score=1.124 | stage=0.512 | page=1.00; keyword=set_external_force_reset
7. page_309_img_0_0.jpeg | score=1.122 | stage=0.646 | page=1.00; keyword=custom code; section=custom code
8. page_309_img_1_0.jpeg | score=1.113 | stage=0.646 | page=1.00; keyword=custom code; section=custom code
9. page_307_img_1_0.jpeg | score=1.047 | stage=0.500 | page=1.00
10. page_302_img_1_0.jpeg | score=0.924 | stage=0.512 | page=1.00; keyword=compliance"
Q38,기존,PROFINET 통신 구조에서 로봇 상태(Robot State) 정보를 전송하도록 할당된 Slot 번호는 몇 번입니까?,통신/PROFINET,통신/PROFINET,통신/PROFINET,0.6153,0.1345,O,Slot#1,1,1,O,keyword:slot; semantic_rank:1,page_155_img_1_0.jpeg,2,2,O,"1. page_154_img_1_0.jpeg | score=1.488 | stage=0.762 | page=1.00; keyword=profinet,slot,ethernet,ip; section=profinet
2. page_155_img_1_0.jpeg | score=1.364 | stage=0.537 | page=1.00; keyword=slot,slot#1,gpr
3. page_101_img_0_0.jpeg | score=0.788 | stage=0.000
4. page_102_img_0_0.jpeg | score=0.653 | stage=0.013 | keyword=ip
5. page_357_img_0_0.jpeg | score=0.614 | stage=0.000
6. page_100_img_0_0.jpeg | score=0.538 | stage=0.000
7. page_220_img_0_0.jpeg | score=0.533 | stage=0.000
8. page_387_img_0_0.jpeg | score=0.529 | stage=0.000
9. page_388_img_2_0.jpeg | score=0.487 | stage=0.000
10. page_292_img_0_0.jpeg | score=0.397 | stage=0.000"
Q39,추가,제품을 처음 개봉할 때 로봇과 컨트롤러는 몇 개의 상자에 나누어 배송됩니까?,설치/제품 개봉,설치/제품 개봉,설치/제품 개봉,0.5153,0.1004,O,로봇 및 컨트롤러는 2개의 상자에 담겨 배송됨,1,1,O,"page; keyword:로봇,컨트롤러,상자에,상자,담겨; semantic_rank:1",page_83_img_0_0.jpeg,1,1,O,"1. page_83_img_0_0.jpeg | score=1.387 | stage=0.500 | page=1.00
2. page_104_img_0_0.jpeg | score=1.196 | stage=0.500 | page=1.00
3. page_84_img_0_0.jpeg | score=1.134 | stage=0.500 | page=1.00
4. page_105_img_0_0.jpeg | score=1.118 | stage=0.500 | page=1.00
5. page_103_img_0_0.jpeg | score=1.037 | stage=0.500 | page=1.00
6. page_98_img_0_0.jpeg | score=1.010 | stage=0.500 | page=1.00
7. page_98_img_1_0.jpeg | score=1.003 | stage=0.500 | page=1.00
8. page_105_img_1_0.jpeg | score=0.954 | stage=0.500 | page=1.00
9. page_101_img_0_0.jpeg | score=0.856 | stage=0.500 | page=1.00
10. page_98_img_2_0.jpeg | score=0.844 | stage=0.500 | page=1.00"
Q40,추가,티치펜던트와 로봇 케이블을 컨트롤러에 연결할 때 케이블이 빠지지 않도록 어떻게 연결해야 합니까?,설치/케이블 연결,설치/케이블 연결,설치/케이블 연결,0.5940,0.0729,O,해당 연결부에 딸깍 소리가 날 때까지 연결해야 함,1,1,O,"page; keyword:해당,연결부에,연결부,딸깍,소리가,소리; semantic_rank:1",page_84_img_0_0.jpeg,8,4,O,"1. page_83_img_0_0.jpeg | score=1.396 | stage=0.500 | page=1.00
2. page_119_img_0_0.jpeg | score=1.329 | stage=0.500 | page=1.00
3. page_119_img_1_0.jpeg | score=1.312 | stage=0.500 | page=1.00
4. page_84_img_0_0.jpeg | score=1.265 | stage=0.500 | page=1.00
5. page_118_img_0_0.jpeg | score=1.242 | stage=0.500 | page=1.00
6. page_120_img_0_0.jpeg | score=1.231 | stage=0.500 | page=1.00
7. page_116_img_0_0.jpeg | score=1.051 | stage=0.225 | page=0.45
8. page_88_img_1_0.jpeg | score=1.034 | stage=0.225 | page=0.45
9. page_86_img_0_0.jpeg | score=0.889 | stage=0.500 | page=1.00
10. page_401_img_1_0.jpeg | score=0.881 | stage=0.000"
Q41,추가,컨트롤러 전원 케이블을 연결한 후 안전을 위해 반드시 확인해야 하는 전기적 조건은 무엇입니까?,안전/전원/접지,안전/전원/접지,,0.6226,0.0121,X,로봇이 올바르게 접지되었는지 확인해야 함,1,1,O,"keyword:로봇,올바르게; semantic_rank:2",page_86_img_0_0.jpeg,4,4,O,"1. page_121_img_0_0.jpeg | score=0.885 | stage=0.000
2. page_403_img_0_0.jpeg | score=0.868 | stage=0.000
3. page_120_img_0_0.jpeg | score=0.830 | stage=0.000
4. page_86_img_0_0.jpeg | score=0.809 | stage=0.000
5. page_400_img_0_0.jpeg | score=0.745 | stage=0.000
6. page_399_img_0_0.jpeg | score=0.743 | stage=0.000
7. page_119_img_0_0.jpeg | score=0.741 | stage=0.000
8. page_119_img_1_0.jpeg | score=0.733 | stage=0.000
9. page_163_img_0_0.jpeg | score=0.697 | stage=0.000
10. page_118_img_0_0.jpeg | score=0.676 | stage=0.000"
Q42,추가,컨트롤러를 바닥에 설치할 때 기기 내부 환기를 위해 양쪽 면에 확보해야 하는 최소 여유 공간은 얼마입니까?,설치/컨트롤러 배치,설치/컨트롤러 배치,설치/컨트롤러 배치,0.5627,0.0903,O,양쪽 면에 약 50 mm의 여유 공간을 확보해야 함,1,1,O,"keyword:양쪽,면에,50,mm,여유,공간을; semantic_rank:1",page_88_img_0_0.jpeg,4,1,O,"1. page_88_img_0_0.jpeg | score=1.290 | stage=0.500 | page=1.00
2. page_88_img_1_0.jpeg | score=1.286 | stage=0.500 | page=1.00
3. page_86_img_0_0.jpeg | score=1.212 | stage=0.500 | page=1.00
4. page_400_img_0_0.jpeg | score=0.849 | stage=0.000
5. page_121_img_0_0.jpeg | score=0.802 | stage=0.000
6. page_399_img_0_0.jpeg | score=0.800 | stage=0.000
7. page_85_img_0_0.jpeg | score=0.782 | stage=0.350 | page=0.70
8. page_240_img_0_0.jpeg | score=0.771 | stage=0.000
9. page_401_img_1_0.jpeg | score=0.761 | stage=0.000
10. page_118_img_0_0.jpeg | score=0.746 | stage=0.000"
Q43,추가,로봇 설치 후 첫 부팅 시 비상 정지 경고 팝업이 나타나면 비상 정지 버튼을 어떻게 해제해야 합니까?,티치 펜던트/비상정지,설치/기구 고정,,0.5349,0.0122,X,비상 정지 버튼을 시계 방향으로 돌려 해제함,1,1,O,"page; keyword:비상,정지,버튼을,버튼,시계,방향으로; semantic_rank:1",page_89_img_0_0.jpeg,2,2,O,"1. page_89_img_1_0.jpeg | score=0.911 | stage=0.000
2. page_89_img_0_0.jpeg | score=0.890 | stage=0.000
3. page_24_img_0_0.jpeg | score=0.823 | stage=0.000
4. page_220_img_0_0.jpeg | score=0.823 | stage=0.000
5. page_103_img_0_0.jpeg | score=0.760 | stage=0.000
6. page_293_img_1_0.jpeg | score=0.677 | stage=0.000
7. page_88_img_1_0.jpeg | score=0.642 | stage=0.000
8. page_352_img_3_0.jpeg | score=0.600 | stage=0.000
9. page_88_img_0_0.jpeg | score=0.598 | stage=0.000
10. page_104_img_0_0.jpeg | score=0.563 | stage=0.000"
Q44,추가,시스템을 정상 종료할 때 전원 종료 팝업에서 눌러야 하는 버튼은 무엇입니까?,티치 펜던트/전원 종료,티치 펜던트/전원 종료,티치 펜던트/전원 종료,0.5838,0.0367,O,전원 종료 팝업에서 확인 버튼을 눌러 종료함,1,1,O,"page; keyword:전원,종료,팝업에서,팝업,버튼을,버튼; semantic_rank:1",page_94_img_0_0.jpeg,1,1,O,"1. page_94_img_0_0.jpeg | score=1.388 | stage=0.500 | page=1.00
2. page_95_img_0_0.jpeg | score=1.326 | stage=0.500 | page=1.00
3. page_96_img_0_0.jpeg | score=1.210 | stage=0.500 | page=1.00
4. page_93_img_0_0.jpeg | score=1.071 | stage=0.500 | page=1.00
5. page_163_img_0_0.jpeg | score=0.855 | stage=0.000
6. page_89_img_1_0.jpeg | score=0.844 | stage=0.000
7. page_163_img_1_0.jpeg | score=0.825 | stage=0.000
8. page_89_img_0_0.jpeg | score=0.821 | stage=0.000
9. page_125_img_0_0.jpeg | score=0.777 | stage=0.000
10. page_88_img_1_0.jpeg | score=0.729 | stage=0.000"
Q45,추가,로봇을 설치 장소로 옮길 때 들어 올려야 하는 부분은 어디입니까?,설치/로봇 운반,설치/로봇 운반,,0.5967,0.0028,X,매뉴얼 그림에서 음영으로 표시된 인양 지점을 들어 이동함,1,1,O,"page; keyword:음영,표시된,인양,지점,들어",page_98_img_1_0.jpeg,3,3,O,"1. page_113_img_0_0.jpeg | score=0.832 | stage=0.000
2. page_98_img_0_0.jpeg | score=0.809 | stage=0.000
3. page_98_img_1_0.jpeg | score=0.805 | stage=0.000
4. page_123_img_0_0.jpeg | score=0.789 | stage=0.000
5. page_114_img_0_0.jpeg | score=0.758 | stage=0.000
6. page_84_img_0_0.jpeg | score=0.723 | stage=0.000
7. page_115_img_0_0.jpeg | score=0.657 | stage=0.000
8. page_98_img_2_0.jpeg | score=0.634 | stage=0.000
9. page_93_img_0_0.jpeg | score=0.613 | stage=0.000
10. page_188_img_0_0.jpeg | score=0.583 | stage=0.000"
Q46,추가,전자파 노이즈 영향을 줄이기 위해 매니퓰레이터 케이블 양단에 설치를 권장하는 부품은 무엇입니까?,설치/케이블 노이즈 대책,설치/케이블 노이즈 대책,설치/케이블 노이즈 대책,0.5646,0.0482,O,페라이트코어를 설치하는 것을 권장함,2,1,O,"keyword:페라이트코어를,페라이트코어,설치하는,설치하,것을; semantic_rank:1",page_119_img_1_0.jpeg,4,2,O,"1. page_120_img_0_0.jpeg | score=1.348 | stage=0.500 | page=1.00
2. page_119_img_1_0.jpeg | score=1.299 | stage=0.500 | page=1.00
3. page_119_img_0_0.jpeg | score=1.295 | stage=0.500 | page=1.00
4. page_118_img_0_0.jpeg | score=1.281 | stage=0.500 | page=1.00
5. page_116_img_0_0.jpeg | score=1.241 | stage=0.500 | page=1.00
6. page_115_img_0_0.jpeg | score=1.151 | stage=0.500 | page=1.00
7. page_121_img_0_0.jpeg | score=1.093 | stage=0.350 | page=0.70
8. page_402_img_0_0.jpeg | score=0.868 | stage=0.000
9. page_400_img_0_0.jpeg | score=0.840 | stage=0.000
10. page_403_img_0_0.jpeg | score=0.780 | stage=0.000"
Q47,추가,매니퓰레이터 연결 케이블을 컨트롤러에 연결한 뒤 케이블이 빠지지 않도록 추가로 해야 하는 조치는 무엇입니까?,설치/매니퓰레이터 연결,설치/매니퓰레이터 연결,설치/매니퓰레이터 연결,0.6230,0.0381,O,연결 후 고정용 고리를 체결해야 함,1,1,O,"keyword:연결,고정용,고리를,고리; semantic_rank:1",page_120_img_0_0.jpeg,9,4,O,"1. page_118_img_0_0.jpeg | score=1.398 | stage=0.500 | page=1.00
2. page_119_img_1_0.jpeg | score=1.362 | stage=0.500 | page=1.00
3. page_119_img_0_0.jpeg | score=1.343 | stage=0.500 | page=1.00
4. page_120_img_0_0.jpeg | score=1.232 | stage=0.500 | page=1.00
5. page_121_img_0_0.jpeg | score=1.083 | stage=0.500 | page=1.00
6. page_400_img_0_0.jpeg | score=0.887 | stage=0.000
7. page_116_img_0_0.jpeg | score=0.869 | stage=0.225 | page=0.45
8. page_402_img_0_0.jpeg | score=0.805 | stage=0.000
9. page_401_img_1_0.jpeg | score=0.799 | stage=0.000
10. page_403_img_0_0.jpeg | score=0.773 | stage=0.000"
Q48,추가,툴을 툴 플랜지에 고정할 때 사용하는 볼트 수와 권장 체결 토크는 얼마입니까?,툴 장착/플랜지 고정,툴 장착/플랜지 고정,툴 장착/플랜지 고정,0.6193,0.0888,O,M6 볼트 4개를 사용하며 9 Nm 토크로 조이는 것을 권장함,1,1,O,"page; keyword:m6,볼트,nm,토크로,조이는,조이; semantic_rank:3",page_123_img_0_0.jpeg,1,1,O,"1. page_123_img_0_0.jpeg | score=1.412 | stage=0.525 | page=1.00; keyword=m6,9 nm
2. page_93_img_0_0.jpeg | score=1.382 | stage=0.525 | page=1.00; keyword=m6,9 nm
3. page_94_img_0_0.jpeg | score=1.293 | stage=0.500 | page=1.00
4. page_95_img_0_0.jpeg | score=1.193 | stage=0.500 | page=1.00
5. page_124_img_0_0.jpeg | score=1.108 | stage=0.525 | page=1.00; keyword=m6,9 nm
6. page_121_img_0_0.jpeg | score=1.063 | stage=0.350 | page=0.70
7. page_92_img_1_0.jpeg | score=0.894 | stage=0.500 | page=1.00
8. page_84_img_0_0.jpeg | score=0.827 | stage=0.000
9. page_96_img_0_0.jpeg | score=0.814 | stage=0.350 | page=0.70
10. page_205_img_1_0.jpeg | score=0.775 | stage=0.013 | keyword=tool"
Q49,추가,컨트롤러에서 시스템 전원을 켤 때 누르는 물리적 스위치는 어디에 있습니까?,전원/컨트롤러 조작,전원/컨트롤러 조작,,0.5199,0.0144,X,컨트롤러 하단의 전원 스위치를 누름,1,1,O,"page; keyword:컨트롤러,하단,전원,스위치를,스위치; semantic_rank:1",page_125_img_0_0.jpeg,1,1,O,"1. page_125_img_0_0.jpeg | score=0.892 | stage=0.000
2. page_88_img_1_0.jpeg | score=0.871 | stage=0.000
3. page_121_img_0_0.jpeg | score=0.810 | stage=0.000
4. page_163_img_0_0.jpeg | score=0.782 | stage=0.000
5. page_89_img_1_0.jpeg | score=0.765 | stage=0.000
6. page_144_img_0_0.jpeg | score=0.757 | stage=0.000
7. page_144_img_1_0.jpeg | score=0.754 | stage=0.000
8. page_163_img_1_0.jpeg | score=0.753 | stage=0.000
9. page_86_img_0_0.jpeg | score=0.729 | stage=0.000
10. page_120_img_0_0.jpeg | score=0.717 | stage=0.000"
Q50,추가,플랜지 디지털 출력이 활성화되었을 때와 비활성화되었을 때 출력 채널 상태는 각각 어떻게 됩니까?,툴 플랜지/디지털 출력,툴 플랜지/디지털 출력,툴 플랜지/디지털 출력,0.6200,0.0823,O,활성화 시 +24V가 되고 비활성화 시 open 상태가 됨,1,1,O,"page; keyword:활성화,24v,비활성화,open,상태; semantic_rank:3",page_130_img_0_0.jpeg,1,1,O,"1. page_130_img_0_0.jpeg | score=1.408 | stage=0.550 | page=1.00; keyword=pnp,photo coupler,+24v,open
2. page_132_img_0_0.png | score=1.264 | stage=0.500 | page=1.00
3. page_336_img_0_0.jpeg | score=0.845 | stage=0.000
4. page_335_img_1_0.jpeg | score=0.800 | stage=0.000
5. page_335_img_2_0.jpeg | score=0.724 | stage=0.000
6. page_133_img_0_0.jpeg | score=0.697 | stage=0.500 | page=1.00
7. page_140_img_0_0.jpeg | score=0.685 | stage=0.000
8. page_334_img_0_0.jpeg | score=0.644 | stage=0.000
9. page_135_img_0_0.jpeg | score=0.642 | stage=0.225 | page=0.45
10. page_335_img_0_0.jpeg | score=0.635 | stage=0.000"
Q51,추가,플랜지 아날로그 입력 기능에서 설정 가능한 입력 모드는 무엇입니까?,툴 플랜지/아날로그 입력,툴 플랜지/아날로그 입력,툴 플랜지/아날로그 입력,0.6722,0.1510,O,전압 모드(0~10V) 또는 전류 모드(4~20mA)로 설정 가능함,3,1,O,"page; keyword:전압,모드,10v,전류,20ma; semantic_rank:1",page_132_img_0_0.png,2,1,O,"1. page_132_img_0_0.png | score=1.332 | stage=0.500 | page=1.00
2. page_135_img_0_0.jpeg | score=1.242 | stage=0.500 | page=1.00
3. page_130_img_0_0.jpeg | score=1.219 | stage=0.500 | page=1.00
4. page_133_img_0_0.jpeg | score=1.054 | stage=0.500 | page=1.00
5. page_336_img_0_0.jpeg | score=0.871 | stage=0.000
6. page_338_img_0_0.jpeg | score=0.768 | stage=0.000
7. page_333_img_0_0.jpeg | score=0.709 | stage=0.000
8. page_136_img_1_0.jpeg | score=0.704 | stage=0.350 | page=0.70
9. page_335_img_1_0.jpeg | score=0.697 | stage=0.000
10. page_136_img_0_0.png | score=0.681 | stage=0.350 | page=0.70"
Q52,추가,컨트롤러 I/O 단자를 통해 연결할 수 있는 대표적인 안전기기에는 무엇이 있습니까?,제어기 I/O/외부 장치 연결,제어기 I/O/외부 장치 연결,,0.6183,0.0093,X,"비상정지 스위치, 라이트 커튼, 안전 매트 등을 연결할 수 있음",1,1,O,"page; keyword:비상정지,스위치,라이트,커튼,안전,매트; semantic_rank:2",page_133_img_0_0.jpeg,1,1,O,"1. page_133_img_0_0.jpeg | score=0.874 | stage=0.000
2. page_145_img_0_0.jpeg | score=0.865 | stage=0.000
3. page_143_img_1_0.jpeg | score=0.797 | stage=0.000
4. page_143_img_0_0.jpeg | score=0.795 | stage=0.000
5. page_102_img_0_0.jpeg | score=0.794 | stage=0.000
6. page_144_img_0_0.jpeg | score=0.742 | stage=0.000
7. page_144_img_1_0.jpeg | score=0.738 | stage=0.000
8. page_397_img_0_0.jpeg | score=0.728 | stage=0.000
9. page_139_img_0_0.jpeg | score=0.727 | stage=0.000
10. page_216_img_0_0.jpeg | score=0.702 | stage=0.000"
Q53,추가,컨트롤러의 외부 엔코더 입력 단자 TBEN은 어떤 엔코더 상을 입력받을 수 있습니까?,제어기 I/O/엔코더 입력,제어기 I/O/엔코더 입력,제어기 I/O/엔코더 입력,0.7344,0.2123,O,"A상, B상, Z상을 입력받을 수 있음",1,1,O,page; semantic_rank:4,page_137_img_0_0.jpeg,1,1,O,"1. page_137_img_0_0.jpeg | score=1.491 | stage=0.712 | page=1.00; keyword=tben; section=tben
2. page_138_img_0_0.jpeg | score=1.384 | stage=0.712 | page=1.00; keyword=tben; section=tben
3. page_136_img_0_0.png | score=1.364 | stage=0.500 | page=1.00
4. page_138_img_1_0.jpeg | score=1.329 | stage=0.712 | page=1.00; keyword=tben; section=tben
5. page_136_img_1_0.jpeg | score=1.317 | stage=0.500 | page=1.00
6. page_135_img_0_0.jpeg | score=1.299 | stage=0.500 | page=1.00
7. page_140_img_0_0.jpeg | score=1.161 | stage=0.500 | page=1.00
8. page_139_img_0_0.jpeg | score=1.007 | stage=0.500 | page=1.00
9. page_133_img_0_0.jpeg | score=0.985 | stage=0.225 | page=0.45
10. page_141_img_1_0.jpeg | score=0.963 | stage=0.350 | page=0.70"
Q54,추가,컨트롤러의 Configurable 디지털 I/O는 디지털 입력과 디지털 출력을 각각 몇 개씩 제공합니까?,제어기 I/O/디지털 입출력,제어기 I/O/디지털 입출력,제어기 I/O/디지털 입출력,0.7134,0.0964,O,디지털 입력 16개와 디지털 출력 16개로 구성됨,1,1,O,page; semantic_rank:1,page_139_img_0_0.jpeg,1,1,O,"1. page_139_img_0_0.jpeg | score=1.524 | stage=0.725 | page=1.00; keyword=o,16; section=o
2. page_140_img_0_0.jpeg | score=1.491 | stage=0.725 | page=1.00; keyword=o,16; section=o
3. page_144_img_0_0.jpeg | score=1.452 | stage=0.725 | page=1.00; keyword=o,controller; section=o
4. page_144_img_1_0.jpeg | score=1.445 | stage=0.725 | page=1.00; keyword=o,controller; section=o
5. page_141_img_1_0.jpeg | score=1.373 | stage=0.712 | page=1.00; keyword=o; section=o
6. page_145_img_0_0.jpeg | score=1.286 | stage=0.725 | page=1.00; keyword=o,controller; section=o
7. page_138_img_0_0.jpeg | score=1.264 | stage=0.712 | page=1.00; keyword=o; section=o
8. page_143_img_1_0.jpeg | score=1.262 | stage=0.725 | page=1.00; keyword=o,16; section=o
9. page_143_img_0_0.jpeg | score=1.257 | stage=0.725 | page=1.00; keyword=o,16; section=o
10. page_138_img_1_0.jpeg | score=1.135 | stage=0.712 | page=1.00; keyword=o; section=o"
Q55,추가,단순 부하를 구동할 때 TBCO 단자블록에서 부하는 어떤 단자 사이에 연결합니까?,제어기 I/O/디지털 출력 배선,제어기 I/O/디지털 출력 배선,제어기 I/O/디지털 출력 배선,0.6301,0.1729,O,TBCO1~TBCO4의 Oxx 단자와 GIO 단자 사이에 부하를 연결함,1,1,O,"page; keyword:tbco1,tbco4,oxx,단자와,단자,gio; semantic_rank:1",page_141_img_1_0.jpeg,1,1,O,"1. page_141_img_1_0.jpeg | score=1.420 | stage=0.537 | page=1.00; keyword=tbco,oxx,gio
2. page_142_img_1_0.jpeg | score=1.381 | stage=0.537 | page=1.00; keyword=tbco,oxx,gio
3. page_142_img_0_0.jpeg | score=1.368 | stage=0.537 | page=1.00; keyword=tbco,oxx,gio
4. page_143_img_1_0.jpeg | score=1.272 | stage=0.500 | page=1.00
5. page_143_img_0_0.jpeg | score=1.268 | stage=0.500 | page=1.00
6. page_140_img_0_0.jpeg | score=1.206 | stage=0.500 | page=1.00
7. page_141_img_0_0.jpeg | score=1.201 | stage=0.537 | page=1.00; keyword=tbco,oxx,gio
8. page_144_img_0_0.jpeg | score=1.139 | stage=0.512 | page=1.00; keyword=gio
9. page_145_img_0_0.jpeg | score=1.135 | stage=0.362 | page=0.70; keyword=gio
10. page_144_img_1_0.jpeg | score=1.133 | stage=0.512 | page=1.00; keyword=gio"
Q56,추가,Sink type 입력기기와 연결할 때 Oxx 단자와 GIO 단자는 각각 어디에 연결합니까?,제어기 I/O/Sink 배선,제어기 I/O/Sink 배선,제어기 I/O/Sink 배선,0.6181,0.1194,O,"Oxx는 외부기기의 입력단자에, GIO는 Negative common에 연결함",1,1,O,"page; keyword:oxx,외부기기의,외부기기,gio,negative,common; semantic_rank:1",page_142_img_0_0.jpeg,2,2,O,"1. page_142_img_1_0.jpeg | score=1.563 | stage=0.829 | page=1.00; keyword=sink type,negative common,oxx,gio; section=o,sink type
2. page_142_img_0_0.jpeg | score=1.554 | stage=0.829 | page=1.00; keyword=sink type,negative common,oxx,gio; section=o,sink type
3. page_143_img_1_0.jpeg | score=1.429 | stage=0.792 | page=1.00; keyword=sink type,negative common; section=o,sink type
4. page_143_img_0_0.jpeg | score=1.424 | stage=0.792 | page=1.00; keyword=sink type,negative common; section=o,sink type
5. page_140_img_0_0.jpeg | score=1.399 | stage=0.633 | page=1.00; section=o
6. page_144_img_0_0.jpeg | score=1.395 | stage=0.646 | page=1.00; keyword=gio; section=o
7. page_144_img_1_0.jpeg | score=1.389 | stage=0.646 | page=1.00; keyword=gio; section=o
8. page_141_img_1_0.jpeg | score=1.355 | stage=0.671 | page=1.00; keyword=oxx,gio,tbco; section=o
9. page_139_img_0_0.jpeg | score=1.241 | stage=0.633 | page=1.00; section=o
10. page_145_img_0_0.jpeg | score=1.235 | stage=0.646 | page=1.00; keyword=gio; section=o"
Q57,추가,테스트 펄스가 포함된 안전신호를 연결할 수 있는 Safety Controller 전용 안전 입력 단자는 무엇입니까?,안전 I/O/테스트 펄스,안전 I/O/테스트 펄스,안전 I/O/테스트 펄스,0.7127,0.1484,O,"SI1, SI2, SI3, SI4 단자",1,1,O,"page; keyword:si1,si2,si3,si4,단자; semantic_rank:1",page_147_img_0_0.jpeg,1,1,O,"1. page_147_img_0_0.jpeg | score=1.511 | stage=0.696 | page=1.00; keyword=safety controller,si1,si2,si3; section=o
2. page_145_img_0_0.jpeg | score=1.494 | stage=0.779 | page=1.00; keyword=safety controller; section=safety i,o
3. page_143_img_1_0.jpeg | score=1.421 | stage=0.767 | page=1.00; section=safety i,o
4. page_143_img_0_0.jpeg | score=1.416 | stage=0.767 | page=1.00; section=safety i,o
5. page_148_img_0_0.jpeg | score=1.330 | stage=0.646 | page=1.00; keyword=safety controller; section=o
6. page_144_img_0_0.jpeg | score=1.328 | stage=0.779 | page=1.00; keyword=safety controller; section=safety i,o
7. page_144_img_1_0.jpeg | score=1.321 | stage=0.779 | page=1.00; keyword=safety controller; section=safety i,o
8. page_142_img_1_0.jpeg | score=0.920 | stage=0.483 | page=0.70; section=o
9. page_142_img_0_0.jpeg | score=0.918 | stage=0.483 | page=0.70; section=o
10. page_133_img_0_0.jpeg | score=0.811 | stage=0.133 | section=o"
Q58,추가,컨트롤러 네트워크 연결에서 WAN 포트와 LAN 포트의 용도는 각각 무엇입니까?,네트워크/포트 연결,네트워크/포트 연결,네트워크/포트 연결,0.5809,0.0994,O,"WAN은 외부 인터넷 망 연결, LAN은 TCP/IP 또는 Modbus 주변기기 연결에 사용됨",1,1,O,"page; keyword:wan,외부,인터넷,연결,lan,tcp; semantic_rank:1",page_148_img_0_0.jpeg,1,1,O,"1. page_148_img_0_0.jpeg | score=1.405 | stage=0.575 | page=1.00; keyword=wan,lan,tcp,ip
2. page_355_img_1_0.jpeg | score=1.204 | stage=0.562 | page=1.00; keyword=ip,ethernet,profinet,network
3. page_355_img_0_0.jpeg | score=1.197 | stage=0.562 | page=1.00; keyword=ip,ethernet,profinet,network
4. page_354_img_0_0.jpeg | score=1.056 | stage=0.537 | page=1.00; keyword=ip,network,controller
5. page_151_img_3_0.jpeg | score=1.005 | stage=0.512 | page=1.00; keyword=lan
6. page_151_img_2_0.jpeg | score=1.002 | stage=0.512 | page=1.00; keyword=lan
7. page_144_img_0_0.jpeg | score=0.984 | stage=0.238 | page=0.45; keyword=controller
8. page_145_img_0_0.jpeg | score=0.983 | stage=0.362 | page=0.70; keyword=controller
9. page_144_img_1_0.jpeg | score=0.979 | stage=0.238 | page=0.45; keyword=controller
10. page_147_img_0_0.jpeg | score=0.880 | stage=0.500 | page=1.00"
Q59,추가,"오른손 법칙에서 좌표계의 X축, Y축, Z축은 각각 어느 손가락에 대응됩니까?",좌표계/오른손 법칙,좌표계/오른손 법칙,좌표계/오른손 법칙,0.6466,0.2188,O,"엄지는 X축, 검지는 Y축, 중지는 Z축에 대응됨",1,1,O,page; semantic_rank:1,page_177_img_1_0.jpeg,6,4,O,"1. page_176_img_0_0.png | score=1.388 | stage=0.537 | page=1.00; keyword=x,y,z
2. page_175_img_1_0.jpeg | score=1.325 | stage=0.537 | page=1.00; keyword=x,y,z
3. page_175_img_3_0.jpeg | score=1.318 | stage=0.537 | page=1.00; keyword=x,y,z
4. page_177_img_1_0.jpeg | score=1.250 | stage=0.500 | page=1.00
5. page_176_img_1_0.png | score=1.196 | stage=0.537 | page=1.00; keyword=x,y,z
6. page_176_img_3_0.jpeg | score=1.193 | stage=0.537 | page=1.00; keyword=x,y,z
7. page_176_img_2_0.jpeg | score=1.190 | stage=0.537 | page=1.00; keyword=x,y,z
8. page_175_img_4_0.jpeg | score=1.123 | stage=0.537 | page=1.00; keyword=x,y,z
9. page_175_img_2_0.jpeg | score=1.112 | stage=0.537 | page=1.00; keyword=x,y,z
10. page_174_img_1_0.jpeg | score=1.042 | stage=0.500 | page=1.00"
Q60,추가,Recovery 모듈은 어떤 상황에서 로봇 위치와 각도를 설정하기 위해 사용합니까?,안전 복구/Recovery,안전 복구/Recovery,안전 복구/Recovery,0.6303,0.0609,O,안전 위반이 지속되는 오류가 발생하거나 운반/포장을 위해 로봇을 설정할 때 사용함,1,1,O,"page; keyword:안전,위반이,위반,지속되는,지속되,오류가; semantic_rank:1",page_181_img_0_0.jpeg,1,1,O,"1. page_181_img_0_0.jpeg | score=1.461 | stage=0.712 | page=1.00; keyword=recovery; section=recovery
2. page_182_img_0_0.jpeg | score=1.414 | stage=0.712 | page=1.00; keyword=recovery; section=recovery
3. page_184_img_0_0.jpeg | score=1.188 | stage=0.525 | page=1.00; keyword=joint,task
4. page_186_img_0_0.jpeg | score=1.016 | stage=0.712 | page=1.00; keyword=recovery; section=recovery
5. page_178_img_0_0.jpeg | score=0.908 | stage=0.450 | page=0.45; keyword=recovery,joint; section=recovery
6. page_188_img_0_0.jpeg | score=0.750 | stage=0.225 | page=0.45
7. page_179_img_1_0.jpeg | score=0.734 | stage=0.350 | page=0.70
8. page_48_img_0_0.jpeg | score=0.704 | stage=0.000
9. page_92_img_1_0.jpeg | score=0.638 | stage=0.213 | keyword=recovery; section=recovery
10. page_177_img_1_0.jpeg | score=0.627 | stage=0.225 | page=0.45"
Q61,추가,Robot Settings 화면의 더보기 버튼은 어떤 파일 작업을 수행할 수 있게 합니까?,DART-Platform/Robot Settings,직접교시/Cockpit 설정,,0.5221,0.0255,X,"새 파일 생성, 기존 파일 불러오기, 저장, 내보내기 등을 수행할 수 있음",2,2,O,"page; keyword:파일,생성,기존,내보내기,등을; semantic_rank:3",page_186_img_0_0.jpeg,3,3,O,"1. page_168_img_0_0.jpeg | score=0.867 | stage=0.000
2. page_196_img_0_0.jpeg | score=0.841 | stage=0.000
3. page_186_img_0_0.jpeg | score=0.824 | stage=0.000
4. page_246_img_0_0.jpeg | score=0.791 | stage=0.000
5. page_187_img_1_0.jpeg | score=0.745 | stage=0.000
6. page_197_img_0_0.jpeg | score=0.744 | stage=0.000
7. page_376_img_0_0.jpeg | score=0.742 | stage=0.000
8. page_247_img_0_0.jpeg | score=0.709 | stage=0.000
9. page_361_img_0_0.jpeg | score=0.702 | stage=0.000
10. page_361_img_1_0.jpeg | score=0.702 | stage=0.000"
Q62,추가,Cockpit 설정 화면에서 1번 버튼에 수행할 기능을 지정하는 항목은 무엇입니까?,직접교시/Cockpit 설정,직접교시/Cockpit 설정,직접교시/Cockpit 설정,0.6334,0.1321,O,1 버튼 설정 항목에서 기능을 선택함,1,1,O,"page; keyword:버튼,항목,기능을,기능; semantic_rank:10",page_196_img_0_0.jpeg,1,1,O,"1. page_196_img_0_0.jpeg | score=1.396 | stage=0.525 | page=1.00; keyword=1+2,setting
2. page_197_img_0_0.jpeg | score=1.279 | stage=0.512 | page=1.00; keyword=setting
3. page_195_img_0_0.jpeg | score=1.234 | stage=0.512 | page=1.00; keyword=setting
4. page_195_img_2_0.jpeg | score=1.208 | stage=0.512 | page=1.00; keyword=setting
5. page_192_img_0_0.jpeg | score=0.983 | stage=0.238 | page=0.45; keyword=setting
6. page_101_img_0_0.jpeg | score=0.834 | stage=0.013 | keyword=cockpit
7. page_191_img_0_0.jpeg | score=0.802 | stage=0.013 | keyword=setting
8. page_189_img_0_0.jpeg | score=0.779 | stage=0.013 | keyword=setting
9. page_220_img_0_0.jpeg | score=0.727 | stage=0.025 | keyword=setting,reset
10. page_190_img_1_0.jpeg | score=0.710 | stage=0.013 | keyword=setting"
Q63,추가,툴 무게를 설정하기 위해 Robot Parameters에서 선택해야 하는 메뉴 경로는 무엇입니까?,툴 설정/Tool Weight,툴 설정/Tool Weight,툴 설정/Tool Weight,0.6333,0.0933,O,Robot Parameters > Tool Settings > Tool Weight,1,1,O,"page; keyword:robot,parameters,tool,settings,weight; semantic_rank:1",page_205_img_1_0.jpeg,1,1,O,"1. page_205_img_1_0.jpeg | score=1.612 | stage=0.938 | page=1.00; keyword=tool weight,weight,tool settings; section=tool settings,tool weight
2. page_206_img_0_0.jpeg | score=1.503 | stage=0.938 | page=1.00; keyword=tool weight,weight,tool settings; section=tool settings,tool weight
3. page_208_img_0_0.jpeg | score=1.218 | stage=0.712 | page=1.00; keyword=tool settings; section=tool settings
4. page_204_img_0_0.jpeg | score=0.989 | stage=0.712 | page=1.00; keyword=tool settings; section=tool settings
5. page_204_img_1_0.jpeg | score=0.982 | stage=0.712 | page=1.00; keyword=tool settings; section=tool settings
6. page_279_img_0_0.jpeg | score=0.831 | stage=0.225 | keyword=tool weight,weight; section=tool weight
7. page_188_img_0_0.jpeg | score=0.805 | stage=0.013 | keyword=robot parameters
8. page_189_img_0_0.jpeg | score=0.744 | stage=0.000
9. page_289_img_0_0.jpeg | score=0.668 | stage=0.000
10. page_280_img_0_0.jpeg | score=0.666 | stage=0.000"
Q64,추가,Tool Shape 팝업에서 새 툴 형상을 등록할 때 입력해야 하는 기본 항목은 무엇입니까?,툴 설정/Tool Shape,툴 설정/Tool Shape,툴 설정/Tool Shape,0.5826,0.0819,O,Tool Shape의 이름을 입력해야 함,1,1,O,"page; keyword:tool,shape,이름을,이름; semantic_rank:1",page_209_img_0_0.jpeg,1,1,O,"1. page_209_img_0_0.jpeg | score=1.598 | stage=0.925 | page=1.00; keyword=tool shape,shape; section=tool settings,tool shape
2. page_208_img_0_0.jpeg | score=1.555 | stage=0.938 | page=1.00; keyword=tool shape,simulation,shape; section=tool settings,tool shape
3. page_210_img_0_0.jpeg | score=1.508 | stage=0.925 | page=1.00; keyword=tool shape,shape; section=tool settings,tool shape
4. page_210_img_2_0.jpeg | score=1.504 | stage=0.925 | page=1.00; keyword=tool shape,shape; section=tool settings,tool shape
5. page_206_img_0_0.jpeg | score=1.369 | stage=0.700 | page=1.00; section=tool settings
6. page_210_img_1_0.jpeg | score=1.263 | stage=0.925 | page=1.00; keyword=tool shape,shape; section=tool settings,tool shape
7. page_205_img_1_0.jpeg | score=1.066 | stage=0.550 | page=0.70; section=tool settings
8. page_259_img_1_0.jpeg | score=0.706 | stage=0.000
9. page_226_img_2_0.jpeg | score=0.706 | stage=0.013 | keyword=shape
10. page_236_img_0_0.jpeg | score=0.691 | stage=0.013 | keyword=shape"
Q65,추가,구 형태의 안전 영역을 설정할 때 중심 위치는 어떤 축 값으로 입력합니까?,안전 설정/구역 설정,안전 설정/구역 설정,안전 설정/구역 설정,0.6088,0.0509,O,"Center Position에서 X축, Y축, Z축 값을 입력함",9,10,△,semantic_rank:8,page_226_img_0_0.jpeg,,3,O,"1. page_224_img_0_0.jpeg | score=1.398 | stage=0.671 | page=1.00; keyword=zone,y,z; section=safety settings
2. page_225_img_0_0.jpeg | score=1.312 | stage=0.696 | page=1.00; keyword=zone,x,y,z; section=safety settings
3. page_226_img_0_0.jpeg | score=1.159 | stage=0.671 | page=1.00; keyword=y,z,radius; section=safety settings
4. page_223_img_0_0.jpeg | score=1.080 | stage=0.646 | page=1.00; keyword=y; section=safety settings
5. page_226_img_2_0.jpeg | score=0.996 | stage=0.671 | page=1.00; keyword=y,z,radius; section=safety settings
6. page_239_img_0_0.jpeg | score=0.927 | stage=0.171 | keyword=zone,y,z; section=safety settings
7. page_240_img_0_0.jpeg | score=0.923 | stage=0.146 | keyword=y; section=safety settings
8. page_241_img_0_0.jpeg | score=0.872 | stage=0.183 | keyword=zone,y,z,robot parameter; section=safety settings
9. page_228_img_0_0.jpeg | score=0.861 | stage=0.817 | page=1.00; keyword=center position,x,y,z; section=safety settings,center position
10. page_228_img_2_0.jpeg | score=0.855 | stage=0.817 | page=1.00; keyword=center position,x,y,z; section=safety settings,center position"
Q66,추가,공간 제한 구역에서 두 점을 사용하는 형상 설정 시 입력해야 하는 주요 위치 항목은 무엇입니까?,안전 설정/공간 제한 구역,안전 설정/공간 제한 구역,,0.5406,0.0271,X,Point 1과 Point 2 값을 입력함,4,4,O,"page; keyword:point,값을; semantic_rank:1",page_230_img_0_0.jpeg,5,5,O,"1. page_239_img_0_0.jpeg | score=0.885 | stage=0.000
2. page_237_img_0_0.jpeg | score=0.861 | stage=0.000
3. page_240_img_0_0.jpeg | score=0.835 | stage=0.000
4. page_238_img_0_0.jpeg | score=0.816 | stage=0.000
5. page_230_img_0_0.jpeg | score=0.809 | stage=0.000
6. page_230_img_1_0.jpeg | score=0.758 | stage=0.000
7. page_232_img_0_0.jpeg | score=0.741 | stage=0.000
8. page_236_img_0_0.jpeg | score=0.736 | stage=0.000
9. page_241_img_0_0.jpeg | score=0.735 | stage=0.000
10. page_231_img_1_0.jpeg | score=0.719 | stage=0.000"
Q67,추가,충돌 민감도 감소 구역은 어떤 목적의 안전 구역입니까?,안전 설정/충돌 민감도 감소 구역,안전 설정/충돌 민감도 감소 구역,안전 설정/충돌 민감도 감소 구역,0.6807,0.1651,O,로봇이 다양한 재료나 표면과 작업할 때 충돌 감지 민감도를 조정하는 구역임,1,1,O,"page; keyword:로봇이,로봇,다양한,재료나,표면과,표면; semantic_rank:1",page_243_img_0_0.jpeg,1,1,O,"1. page_243_img_0_0.jpeg | score=1.607 | stage=0.938 | page=1.00; keyword=collision sensitivity,reduction zone,sensitivity; section=safety settings,collision sensitivity reduction zone
2. page_242_img_0_0.jpeg | score=1.464 | stage=0.712 | page=1.00; keyword=robot parameter; section=safety settings
3. page_243_img_1_0.jpeg | score=1.405 | stage=0.938 | page=1.00; keyword=collision sensitivity,reduction zone,sensitivity; section=safety settings,collision sensitivity reduction zone
4. page_244_img_0_0.jpeg | score=1.384 | stage=0.700 | page=1.00; section=safety settings
5. page_241_img_0_0.jpeg | score=1.322 | stage=0.712 | page=1.00; keyword=robot parameter; section=safety settings
6. page_240_img_0_0.jpeg | score=1.154 | stage=0.700 | page=1.00; section=safety settings
7. page_239_img_0_0.jpeg | score=0.947 | stage=0.700 | page=1.00; section=safety settings
8. page_245_img_0_0.jpeg | score=0.935 | stage=0.712 | page=1.00; keyword=robot parameter; section=safety settings
9. page_295_img_0_0.jpeg | score=0.732 | stage=0.038 | keyword=collision sensitivity,sensitivity,robot parameter
10. page_284_img_0_0.jpeg | score=0.731 | stage=0.038 | keyword=collision sensitivity,sensitivity,robot parameter"
Q68,추가,Safety Setting Review 팝업은 어떤 설정 값이 변경되었을 때 저장을 위해 사용됩니까?,안전 설정/Safety Review,안전 설정/Safety Review,안전 설정/Safety Review,0.6320,0.1484,O,Robot Parameter 모듈에서 로봇 데이터 설정 값이 변경된 경우 사용됨,1,1,O,"keyword:robot,parameter,모듈,로봇,데이터,값이; semantic_rank:1",page_248_img_0_0.jpeg,,4,O,"1. page_246_img_0_0.jpeg | score=1.601 | stage=0.950 | page=1.00; keyword=safety setting review,robot parameter,safety settings,review; section=safety setting review
2. page_247_img_0_0.jpeg | score=1.578 | stage=0.938 | page=1.00; keyword=safety setting review,robot parameter,review; section=safety setting review
3. page_247_img_1_0.jpeg | score=1.572 | stage=0.938 | page=1.00; keyword=safety setting review,robot parameter,review; section=safety setting review
4. page_248_img_0_0.jpeg | score=1.244 | stage=0.925 | page=1.00; keyword=safety setting review,review; section=safety setting review
5. page_245_img_0_0.jpeg | score=1.224 | stage=0.525 | page=1.00; keyword=robot parameter,safety settings
6. page_244_img_0_0.jpeg | score=0.924 | stage=0.512 | page=1.00; keyword=safety settings
7. page_223_img_0_0.jpeg | score=0.863 | stage=0.025 | keyword=safety settings,save
8. page_208_img_0_0.jpeg | score=0.797 | stage=0.000
9. page_224_img_0_0.jpeg | score=0.774 | stage=0.025 | keyword=safety settings,save
10. page_251_img_2_0.jpeg | score=0.768 | stage=0.500 | page=1.00"
Q69,추가,Remote Control 모듈의 필수 설정에서는 원격 제어를 위해 어떤 항목들을 설정해야 합니까?,원격 제어/필수 설정,원격 제어/필수 설정,원격 제어/필수 설정,0.6930,0.1789,O,모듈 및 태스크를 설정하고 안전 입력 신호를 설정해야 함,1,1,O,"page; keyword:모듈,태스크를,태스크,안전,신호를,신호; semantic_rank:1",page_251_img_2_0.jpeg,3,3,O,"1. page_254_img_0_0.jpeg | score=1.440 | stage=0.712 | page=1.00; keyword=remote control; section=remote control
2. page_249_img_0_0.jpeg | score=1.407 | stage=0.712 | page=1.00; keyword=remote control; section=remote control
3. page_251_img_2_0.jpeg | score=1.392 | stage=0.712 | page=1.00; keyword=remote control; section=remote control
4. page_251_img_1_0.jpeg | score=1.376 | stage=0.712 | page=1.00; keyword=remote control; section=remote control
5. page_257_img_0_0.jpeg | score=1.336 | stage=0.738 | page=1.00; keyword=remote control,task,servo on; section=remote control
6. page_249_img_2_0.jpeg | score=1.249 | stage=0.712 | page=1.00; keyword=remote control; section=remote control
7. page_256_img_0_0.jpeg | score=1.248 | stage=0.500 | page=1.00
8. page_249_img_3_0.png | score=1.226 | stage=0.712 | page=1.00; keyword=remote control; section=remote control
9. page_258_img_0_0.jpeg | score=1.209 | stage=0.712 | page=1.00; keyword=remote control; section=remote control
10. page_248_img_0_0.jpeg | score=1.114 | stage=0.712 | page=1.00; keyword=remote control; section=remote control"
Q70,추가,I/O Overview에서 제어기 디지털 입력이 High 신호일 때와 Low 신호일 때 아이콘 색상은 각각 어떻게 표시됩니까?,상태 확인/I/O Overview,상태 확인/I/O Overview,상태 확인/I/O Overview,0.6458,0.1385,O,"High 신호는 연두색, Low 신호는 회색으로 표시됨",1,1,O,"keyword:high,신호,연두색,low,회색으로,회색; semantic_rank:2",page_336_img_0_0.jpeg,2,2,O,"1. page_334_img_0_0.jpeg | score=1.544 | stage=0.817 | page=1.00; keyword=i,o overview,high,low; section=i,o overview
2. page_336_img_0_0.jpeg | score=1.482 | stage=0.792 | page=1.00; keyword=i,o overview; section=i,o overview
3. page_335_img_1_0.jpeg | score=1.434 | stage=0.792 | page=1.00; keyword=i,o overview; section=i,o overview
4. page_335_img_2_0.jpeg | score=1.430 | stage=0.792 | page=1.00; keyword=i,o overview; section=i,o overview
5. page_333_img_0_0.jpeg | score=1.392 | stage=0.792 | page=1.00; keyword=i,o overview; section=i,o overview
6. page_335_img_0_0.jpeg | score=1.238 | stage=0.792 | page=1.00; keyword=i,o overview; section=i,o overview
7. page_332_img_0_0.jpeg | score=1.150 | stage=0.792 | page=1.00; keyword=i,o overview; section=i,o overview
8. page_328_img_1_0.jpeg | score=0.855 | stage=0.496 | page=0.70; keyword=i; section=i
9. page_328_img_2_0.jpeg | score=0.835 | stage=0.496 | page=0.70; keyword=i; section=i
10. page_139_img_0_0.jpeg | score=0.743 | stage=0.146 | keyword=i; section=i"
